"ID","Class"
6284,"H"
6285,"E"
6286,"R"
6287,"d"
6288,"E"
6289,"C"
6290,"0"
6291,"a"
6292,"8"
6293,"H"
6294,"N"
6295,"R"
6296,"k"
6297,"H"
6298,"r"
6299,"5"
6300,"A"
6301,"R"
6302,"X"
6303,"Y"
6304,"M"
6305,"r"
6306,"A"
6307,"a"
6308,"R"
6309,"S"
6310,"D"
6311,"D"
6312,"n"
6313,"F"
6314,"A"
6315,"W"
6316,"e"
6317,"v"
6318,"u"
6319,"Y"
6320,"L"
6321,"h"
6322,"0"
6323,"I"
6324,"W"
6325,"1"
6326,"A"
6327,"O"
6328,"R"
6329,"I"
6330,"O"
6331,"A"
6332,"I"
6333,"v"
6334,"H"
6335,"E"
6336,"i"
6337,"R"
6338,"I"
6339,"3"
6340,"h"
6341,"r"
6342,"A"
6343,"R"
6344,"a"
6345,"r"
6346,"E"
6347,"O"
6348,"l"
6349,"A"
6350,"C"
6351,"p"
6352,"G"
6353,"I"
6354,"0"
6355,"6"
6356,"D"
6357,"G"
6358,"r"
6359,"N"
6360,"A"
6361,"W"
6362,"i"
6363,"K"
6364,"N"
6365,"M"
6366,"P"
6367,"e"
6368,"n"
6369,"I"
6370,"y"
6371,"A"
6372,"N"
6373,"B"
6374,"E"
6375,"Y"
6376,"E"
6377,"A"
6378,"c"
6379,"S"
6380,"T"
6381,"e"
6382,"o"
6383,"E"
6384,"I"
6385,"H"
6386,"3"
6387,"A"
6388,"n"
6389,"E"
6390,"A"
6391,"E"
6392,"T"
6393,"i"
6394,"1"
6395,"E"
6396,"I"
6397,"I"
6398,"a"
6399,"A"
6400,"l"
6401,"S"
6402,"O"
6403,"s"
6404,"N"
6405,"V"
6406,"O"
6407,"M"
6408,"1"
6409,"s"
6410,"N"
6411,"C"
6412,"A"
6413,"O"
6414,"R"
6415,"c"
6416,"N"
6417,"o"
6418,"F"
6419,"h"
6420,"R"
6421,"w"
6422,"O"
6423,"N"
6424,"S"
6425,"i"
6426,"O"
6427,"A"
6428,"n"
6429,"o"
6430,"A"
6431,"D"
6432,"O"
6433,"S"
6434,"S"
6435,"S"
6436,"l"
6437,"T"
6438,"L"
6439,"e"
6440,"S"
6441,"O"
6442,"r"
6443,"d"
6444,"s"
6445,"I"
6446,"T"
6447,"S"
6448,"N"
6449,"A"
6450,"a"
6451,"L"
6452,"e"
6453,"S"
6454,"R"
6455,"C"
6456,"R"
6457,"R"
6458,"T"
6459,"T"
6460,"D"
6461,"N"
6462,"A"
6463,"d"
6464,"u"
6465,"c"
6466,"N"
6467,"C"
6468,"A"
6469,"A"
6470,"u"
6471,"M"
6472,"A"
6473,"a"
6474,"P"
6475,"N"
6476,"A"
6477,"H"
6478,"O"
6479,"A"
6480,"X"
6481,"N"
6482,"E"
6483,"T"
6484,"D"
6485,"N"
6486,"r"
6487,"K"
6488,"A"
6489,"P"
6490,"O"
6491,"O"
6492,"D"
6493,"R"
6494,"V"
6495,"k"
6496,"E"
6497,"U"
6498,"N"
6499,"U"
6500,"e"
6501,"M"
6502,"e"
6503,"d"
6504,"A"
6505,"y"
6506,"t"
6507,"I"
6508,"a"
6509,"E"
6510,"N"
6511,"o"
6512,"S"
6513,"E"
6514,"M"
6515,"a"
6516,"H"
6517,"L"
6518,"A"
6519,"S"
6520,"O"
6521,"e"
6522,"h"
6523,"n"
6524,"S"
6525,"L"
6526,"E"
6527,"t"
6528,"e"
6529,"c"
6530,"r"
6531,"D"
6532,"M"
6533,"s"
6534,"a"
6535,"O"
6536,"e"
6537,"R"
6538,"I"
6539,"N"
6540,"e"
6541,"O"
6542,"N"
6543,"E"
6544,"O"
6545,"h"
6546,"r"
6547,"l"
6548,"M"
6549,"I"
6550,"I"
6551,"T"
6552,"N"
6553,"M"
6554,"e"
6555,"1"
6556,"w"
6557,"O"
6558,"I"
6559,"I"
6560,"r"
6561,"B"
6562,"O"
6563,"o"
6564,"G"
6565,"E"
6566,"s"
6567,"I"
6568,"I"
6569,"S"
6570,"F"
6571,"O"
6572,"0"
6573,"N"
6574,"s"
6575,"O"
6576,"R"
6577,"O"
6578,"0"
6579,"R"
6580,"A"
6581,"X"
6582,"R"
6583,"0"
6584,"e"
6585,"T"
6586,"I"
6587,"H"
6588,"C"
6589,"o"
6590,"B"
6591,"E"
6592,"I"
6593,"a"
6594,"e"
6595,"R"
6596,"J"
6597,"o"
6598,"t"
6599,"A"
6600,"I"
6601,"o"
6602,"P"
6603,"R"
6604,"V"
6605,"E"
6606,"L"
6607,"r"
6608,"a"
6609,"T"
6610,"H"
6611,"C"
6612,"O"
6613,"R"
6614,"O"
6615,"c"
6616,"D"
6617,"n"
6618,"M"
6619,"O"
6620,"R"
6621,"U"
6622,"C"
6623,"O"
6624,"L"
6625,"n"
6626,"G"
6627,"P"
6628,"O"
6629,"E"
6630,"K"
6631,"O"
6632,"T"
6633,"O"
6634,"P"
6635,"D"
6636,"o"
6637,"0"
6638,"T"
6639,"E"
6640,"C"
6641,"T"
6642,"P"
6643,"O"
6644,"s"
6645,"D"
6646,"i"
6647,"C"
6648,"O"
6649,"u"
6650,"P"
6651,"e"
6652,"R"
6653,"O"
6654,"N"
6655,"E"
6656,"f"
6657,"P"
6658,"R"
6659,"I"
6660,"C"
6661,"E"
6662,"L"
6663,"R"
6664,"E"
6665,"E"
6666,"R"
6667,"o"
6668,"A"
6669,"l"
6670,"P"
6671,"s"
6672,"v"
6673,"O"
6674,"R"
6675,"P"
6676,"S"
6677,"n"
6678,"P"
6679,"I"
6680,"L"
6681,"T"
6682,"E"
6683,"L"
6684,"A"
6685,"U"
6686,"h"
6687,"I"
6688,"a"
6689,"L"
6690,"X"
6691,"s"
6692,"T"
6693,"I"
6694,"M"
6695,"N"
6696,"B"
6697,"E"
6698,"r"
6699,"x"
6700,"C"
6701,"0"
6702,"K"
6703,"I"
6704,"D"
6705,"F"
6706,"M"
6707,"E"
6708,"I"
6709,"p"
6710,"t"
6711,"O"
6712,"n"
6713,"T"
6714,"E"
6715,"I"
6716,"A"
6717,"s"
6718,"4"
6719,"O"
6720,"V"
6721,"S"
6722,"N"
6723,"M"
6724,"n"
6725,"M"
6726,"T"
6727,"N"
6728,"E"
6729,"P"
6730,"S"
6731,"I"
6732,"T"
6733,"I"
6734,"L"
6735,"l"
6736,"a"
6737,"P"
6738,"R"
6739,"n"
6740,"E"
6741,"J"
6742,"T"
6743,"p"
6744,"A"
6745,"E"
6746,"R"
6747,"N"
6748,"a"
6749,"n"
6750,"I"
6751,"t"
6752,"t"
6753,"D"
6754,"E"
6755,"u"
6756,"S"
6757,"i"
6758,"R"
6759,"A"
6760,"T"
6761,"e"
6762,"8"
6763,"O"
6764,"u"
6765,"S"
6766,"I"
6767,"u"
6768,"C"
6769,"o"
6770,"A"
6771,"o"
6772,"y"
6773,"R"
6774,"V"
6775,"T"
6776,"O"
6777,"R"
6778,"0"
6779,"o"
6780,"C"
6781,"e"
6782,"O"
6783,"I"
6784,"T"
6785,"C"
6786,"t"
6787,"T"
6788,"e"
6789,"a"
6790,"0"
6791,"2"
6792,"R"
6793,"O"
6794,"M"
6795,"T"
6796,"a"
6797,"A"
6798,"D"
6799,"O"
6800,"k"
6801,"e"
6802,"T"
6803,"A"
6804,"A"
6805,"O"
6806,"I"
6807,"O"
6808,"C"
6809,"m"
6810,"D"
6811,"R"
6812,"V"
6813,"S"
6814,"d"
6815,"n"
6816,"A"
6817,"S"
6818,"t"
6819,"R"
6820,"A"
6821,"I"
6822,"S"
6823,"R"
6824,"L"
6825,"H"
6826,"6"
6827,"N"
6828,"N"
6829,"F"
6830,"R"
6831,"a"
6832,"C"
6833,"E"
6834,"S"
6835,"h"
6836,"A"
6837,"A"
6838,"A"
6839,"r"
6840,"I"
6841,"I"
6842,"a"
6843,"E"
6844,"T"
6845,"o"
6846,"R"
6847,"O"
6848,"t"
6849,"i"
6850,"n"
6851,"O"
6852,"l"
6853,"E"
6854,"E"
6855,"n"
6856,"O"
6857,"T"
6858,"R"
6859,"k"
6860,"M"
6861,"w"
6862,"S"
6863,"1"
6864,"E"
6865,"I"
6866,"f"
6867,"A"
6868,"I"
6869,"A"
6870,"I"
6871,"L"
6872,"7"
6873,"0"
6874,"3"
6875,"6"
6876,"1"
6877,"N"
6878,"L"
6879,"I"
6880,"R"
6881,"P"
6882,"a"
6883,"Y"
6884,"L"
6885,"L"
6886,"I"
6887,"A"
6888,"A"
6889,"E"
6890,"0"
6891,"S"
6892,"l"
6893,"T"
6894,"A"
6895,"u"
6896,"i"
6897,"S"
6898,"r"
6899,"A"
6900,"I"
6901,"v"
6902,"S"
6903,"q"
6904,"s"
6905,"C"
6906,"I"
6907,"B"
6908,"R"
6909,"L"
6910,"L"
6911,"I"
6912,"R"
6913,"P"
6914,"I"
6915,"o"
6916,"I"
6917,"e"
6918,"E"
6919,"T"
6920,"R"
6921,"y"
6922,"M"
6923,"D"
6924,"o"
6925,"S"
6926,"F"
6927,"e"
6928,"E"
6929,"D"
6930,"R"
6931,"N"
6932,"O"
6933,"A"
6934,"r"
6935,"L"
6936,"n"
6937,"h"
6938,"r"
6939,"A"
6940,"D"
6941,"A"
6942,"k"
6943,"r"
6944,"D"
6945,"E"
6946,"N"
6947,"l"
6948,"T"
6949,"1"
6950,"L"
6951,"Y"
6952,"a"
6953,"U"
6954,"n"
6955,"I"
6956,"D"
6957,"N"
6958,"H"
6959,"0"
6960,"O"
6961,"E"
6962,"C"
6963,"E"
6964,"O"
6965,"I"
6966,"A"
6967,"N"
6968,"v"
6969,"V"
6970,"I"
6971,"I"
6972,"S"
6973,"L"
6974,"T"
6975,"t"
6976,"O"
6977,"N"
6978,"d"
6979,"O"
6980,"l"
6981,"O"
6982,"B"
6983,"A"
6984,"B"
6985,"D"
6986,"O"
6987,"F"
6988,"A"
6989,"F"
6990,"R"
6991,"1"
6992,"e"
6993,"T"
6994,"S"
6995,"N"
6996,"l"
6997,"a"
6998,"T"
6999,"L"
7000,"A"
7001,"A"
7002,"I"
7003,"W"
7004,"R"
7005,"x"
7006,"P"
7007,"m"
7008,"E"
7009,"1"
7010,"E"
7011,"N"
7012,"O"
7013,"R"
7014,"O"
7015,"I"
7016,"R"
7017,"d"
7018,"L"
7019,"i"
7020,"A"
7021,"e"
7022,"R"
7023,"c"
7024,"L"
7025,"w"
7026,"n"
7027,"u"
7028,"a"
7029,"Y"
7030,"C"
7031,"p"
7032,"T"
7033,"e"
7034,"a"
7035,"A"
7036,"A"
7037,"E"
7038,"r"
7039,"1"
7040,"A"
7041,"B"
7042,"0"
7043,"Y"
7044,"E"
7045,"E"
7046,"O"
7047,"P"
7048,"n"
7049,"I"
7050,"I"
7051,"O"
7052,"I"
7053,"h"
7054,"I"
7055,"E"
7056,"2"
7057,"n"
7058,"L"
7059,"u"
7060,"O"
7061,"R"
7062,"T"
7063,"o"
7064,"N"
7065,"o"
7066,"s"
7067,"T"
7068,"I"
7069,"O"
7070,"F"
7071,"R"
7072,"7"
7073,"E"
7074,"2"
7075,"a"
7076,"R"
7077,"o"
7078,"e"
7079,"6"
7080,"M"
7081,"C"
7082,"4"
7083,"D"
7084,"P"
7085,"e"
7086,"D"
7087,"h"
7088,"I"
7089,"O"
7090,"L"
7091,"R"
7092,"L"
7093,"R"
7094,"r"
7095,"D"
7096,"I"
7097,"O"
7098,"E"
7099,"R"
7100,"T"
7101,"E"
7102,"o"
7103,"L"
7104,"S"
7105,"O"
7106,"L"
7107,"L"
7108,"O"
7109,"M"
7110,"I"
7111,"A"
7112,"V"
7113,"h"
7114,"e"
7115,"s"
7116,"D"
7117,"E"
7118,"A"
7119,"N"
7120,"I"
7121,"R"
7122,"n"
7123,"a"
7124,"e"
7125,"5"
7126,"N"
7127,"e"
7128,"A"
7129,"B"
7130,"A"
7131,"O"
7132,"n"
7133,"W"
7134,"N"
7135,"c"
7136,"H"
7137,"a"
7138,"C"
7139,"E"
7140,"i"
7141,"T"
7142,"M"
7143,"P"
7144,"A"
7145,"t"
7146,"i"
7147,"e"
7148,"W"
7149,"o"
7150,"T"
7151,"I"
7152,"E"
7153,"l"
7154,"O"
7155,"A"
7156,"2"
7157,"e"
7158,"n"
7159,"n"
7160,"E"
7161,"F"
7162,"o"
7163,"N"
7164,"v"
7165,"A"
7166,"L"
7167,"X"
7168,"F"
7169,"H"
7170,"I"
7171,"O"
7172,"R"
7173,"L"
7174,"E"
7175,"S"
7176,"t"
7177,"N"
7178,"A"
7179,"Y"
7180,"h"
7181,"u"
7182,"6"
7183,"R"
7184,"u"
7185,"7"
7186,"A"
7187,"N"
7188,"T"
7189,"V"
7190,"h"
7191,"H"
7192,"A"
7193,"i"
7194,"1"
7195,"O"
7196,"O"
7197,"B"
7198,"R"
7199,"c"
7200,"N"
7201,"l"
7202,"O"
7203,"O"
7204,"c"
7205,"e"
7206,"o"
7207,"A"
7208,"N"
7209,"R"
7210,"T"
7211,"O"
7212,"N"
7213,"n"
7214,"A"
7215,"A"
7216,"t"
7217,"t"
7218,"T"
7219,"I"
7220,"C"
7221,"A"
7222,"C"
7223,"R"
7224,"W"
7225,"U"
7226,"S"
7227,"O"
7228,"A"
7229,"O"
7230,"T"
7231,"c"
7232,"4"
7233,"R"
7234,"0"
7235,"U"
7236,"O"
7237,"S"
7238,"O"
7239,"K"
7240,"R"
7241,"L"
7242,"f"
7243,"T"
7244,"M"
7245,"N"
7246,"I"
7247,"o"
7248,"a"
7249,"o"
7250,"U"
7251,"0"
7252,"E"
7253,"e"
7254,"a"
7255,"A"
7256,"E"
7257,"O"
7258,"I"
7259,"A"
7260,"t"
7261,"I"
7262,"O"
7263,"R"
7264,"e"
7265,"O"
7266,"C"
7267,"S"
7268,"O"
7269,"e"
7270,"E"
7271,"r"
7272,"6"
7273,"R"
7274,"S"
7275,"H"
7276,"I"
7277,"T"
7278,"R"
7279,"L"
7280,"t"
7281,"n"
7282,"I"
7283,"T"
7284,"l"
7285,"r"
7286,"E"
7287,"P"
7288,"T"
7289,"B"
7290,"O"
7291,"r"
7292,"s"
7293,"E"
7294,"B"
7295,"O"
7296,"D"
7297,"a"
7298,"R"
7299,"A"
7300,"O"
7301,"l"
7302,"G"
7303,"0"
7304,"I"
7305,"b"
7306,"B"
7307,"O"
7308,"T"
7309,"T"
7310,"w"
7311,"E"
7312,"R"
7313,"A"
7314,"A"
7315,"B"
7316,"I"
7317,"3"
7318,"I"
7319,"n"
7320,"C"
7321,"u"
7322,"T"
7323,"O"
7324,"B"
7325,"l"
7326,"D"
7327,"O"
7328,"e"
7329,"T"
7330,"H"
7331,"R"
7332,"P"
7333,"A"
7334,"A"
7335,"M"
7336,"0"
7337,"R"
7338,"R"
7339,"1"
7340,"I"
7341,"N"
7342,"e"
7343,"E"
7344,"D"
7345,"N"
7346,"A"
7347,"O"
7348,"p"
7349,"M"
7350,"I"
7351,"e"
7352,"H"
7353,"D"
7354,"i"
7355,"P"
7356,"B"
7357,"T"
7358,"F"
7359,"e"
7360,"i"
7361,"c"
7362,"P"
7363,"A"
7364,"X"
7365,"C"
7366,"T"
7367,"E"
7368,"I"
7369,"E"
7370,"A"
7371,"r"
7372,"0"
7373,"X"
7374,"H"
7375,"E"
7376,"S"
7377,"U"
7378,"I"
7379,"4"
7380,"F"
7381,"X"
7382,"s"
7383,"I"
7384,"o"
7385,"I"
7386,"G"
7387,"a"
7388,"D"
7389,"l"
7390,"E"
7391,"1"
7392,"T"
7393,"n"
7394,"l"
7395,"U"
7396,"D"
7397,"L"
7398,"O"
7399,"D"
7400,"I"
7401,"E"
7402,"R"
7403,"N"
7404,"M"
7405,"n"
7406,"m"
7407,"E"
7408,"L"
7409,"O"
7410,"S"
7411,"N"
7412,"T"
7413,"r"
7414,"T"
7415,"A"
7416,"i"
7417,"L"
7418,"A"
7419,"0"
7420,"E"
7421,"I"
7422,"C"
7423,"G"
7424,"7"
7425,"K"
7426,"N"
7427,"1"
7428,"M"
7429,"M"
7430,"n"
7431,"I"
7432,"I"
7433,"A"
7434,"e"
7435,"p"
7436,"R"
7437,"e"
7438,"o"
7439,"S"
7440,"n"
7441,"a"
7442,"A"
7443,"D"
7444,"e"
7445,"S"
7446,"R"
7447,"J"
7448,"C"
7449,"N"
7450,"E"
7451,"L"
7452,"D"
7453,"P"
7454,"s"
7455,"r"
7456,"R"
7457,"O"
7458,"M"
7459,"I"
7460,"S"
7461,"N"
7462,"r"
7463,"I"
7464,"I"
7465,"T"
7466,"O"
7467,"H"
7468,"H"
7469,"n"
7470,"i"
7471,"M"
7472,"N"
7473,"I"
7474,"P"
7475,"I"
7476,"P"
7477,"R"
7478,"S"
7479,"I"
7480,"B"
7481,"C"
7482,"a"
7483,"I"
7484,"L"
7485,"A"
7486,"I"
7487,"L"
7488,"o"
7489,"E"
7490,"P"
7491,"A"
7492,"W"
7493,"x"
7494,"I"
7495,"I"
7496,"X"
7497,"e"
7498,"a"
7499,"J"
7500,"e"
7501,"O"
7502,"P"
7503,"U"
7504,"O"
7505,"y"
7506,"O"
7507,"2"
7508,"O"
7509,"T"
7510,"I"
7511,"O"
7512,"R"
7513,"G"
7514,"J"
7515,"S"
7516,"K"
7517,"I"
7518,"E"
7519,"H"
7520,"E"
7521,"a"
7522,"E"
7523,"A"
7524,"I"
7525,"E"
7526,"T"
7527,"C"
7528,"F"
7529,"T"
7530,"m"
7531,"R"
7532,"D"
7533,"A"
7534,"e"
7535,"n"
7536,"3"
7537,"R"
7538,"f"
7539,"R"
7540,"l"
7541,"l"
7542,"R"
7543,"O"
7544,"H"
7545,"R"
7546,"u"
7547,"H"
7548,"c"
7549,"O"
7550,"A"
7551,"A"
7552,"A"
7553,"A"
7554,"a"
7555,"N"
7556,"V"
7557,"N"
7558,"g"
7559,"I"
7560,"M"
7561,"O"
7562,"E"
7563,"1"
7564,"T"
7565,"h"
7566,"E"
7567,"9"
7568,"R"
7569,"n"
7570,"N"
7571,"p"
7572,"r"
7573,"a"
7574,"N"
7575,"e"
7576,"R"
7577,"I"
7578,"o"
7579,"a"
7580,"n"
7581,"H"
7582,"U"
7583,"l"
7584,"R"
7585,"H"
7586,"T"
7587,"A"
7588,"F"
7589,"w"
7590,"S"
7591,"P"
7592,"S"
7593,"T"
7594,"M"
7595,"C"
7596,"D"
7597,"H"
7598,"I"
7599,"E"
7600,"I"
7601,"i"
7602,"O"
7603,"N"
7604,"A"
7605,"H"
7606,"R"
7607,"a"
7608,"B"
7609,"E"
7610,"t"
7611,"V"
7612,"p"
7613,"0"
7614,"I"
7615,"n"
7616,"A"
7617,"E"
7618,"i"
7619,"S"
7620,"r"
7621,"M"
7622,"T"
7623,"g"
7624,"A"
7625,"9"
7626,"M"
7627,"a"
7628,"O"
7629,"e"
7630,"n"
7631,"u"
7632,"l"
7633,"A"
7634,"n"
7635,"o"
7636,"X"
7637,"P"
7638,"D"
7639,"9"
7640,"M"
7641,"E"
7642,"I"
7643,"I"
7644,"0"
7645,"L"
7646,"t"
7647,"P"
7648,"A"
7649,"e"
7650,"E"
7651,"H"
7652,"I"
7653,"A"
7654,"O"
7655,"6"
7656,"i"
7657,"E"
7658,"A"
7659,"L"
7660,"t"
7661,"E"
7662,"R"
7663,"p"
7664,"v"
7665,"L"
7666,"D"
7667,"r"
7668,"2"
7669,"f"
7670,"N"
7671,"e"
7672,"o"
7673,"I"
7674,"V"
7675,"l"
7676,"a"
7677,"e"
7678,"O"
7679,"I"
7680,"T"
7681,"A"
7682,"a"
7683,"s"
7684,"e"
7685,"N"
7686,"E"
7687,"I"
7688,"E"
7689,"u"
7690,"0"
7691,"R"
7692,"M"
7693,"e"
7694,"i"
7695,"r"
7696,"H"
7697,"M"
7698,"r"
7699,"A"
7700,"U"
7701,"E"
7702,"N"
7703,"P"
7704,"E"
7705,"R"
7706,"I"
7707,"N"
7708,"e"
7709,"u"
7710,"e"
7711,"U"
7712,"P"
7713,"e"
7714,"A"
7715,"O"
7716,"z"
7717,"M"
7718,"N"
7719,"T"
7720,"T"
7721,"S"
7722,"I"
7723,"P"
7724,"O"
7725,"S"
7726,"i"
7727,"E"
7728,"N"
7729,"a"
7730,"T"
7731,"i"
7732,"N"
7733,"E"
7734,"0"
7735,"D"
7736,"n"
7737,"n"
7738,"R"
7739,"3"
7740,"o"
7741,"O"
7742,"A"
7743,"O"
7744,"U"
7745,"h"
7746,"R"
7747,"c"
7748,"N"
7749,"N"
7750,"T"
7751,"C"
7752,"C"
7753,"T"
7754,"F"
7755,"W"
7756,"R"
7757,"D"
7758,"e"
7759,"A"
7760,"R"
7761,"i"
7762,"S"
7763,"E"
7764,"w"
7765,"I"
7766,"i"
7767,"L"
7768,"S"
7769,"A"
7770,"N"
7771,"t"
7772,"N"
7773,"M"
7774,"R"
7775,"g"
7776,"H"
7777,"n"
7778,"o"
7779,"D"
7780,"E"
7781,"A"
7782,"r"
7783,"0"
7784,"I"
7785,"3"
7786,"L"
7787,"Y"
7788,"U"
7789,"O"
7790,"I"
7791,"5"
7792,"h"
7793,"t"
7794,"N"
7795,"A"
7796,"E"
7797,"N"
7798,"R"
7799,"O"
7800,"a"
7801,"n"
7802,"I"
7803,"N"
7804,"A"
7805,"I"
7806,"M"
7807,"v"
7808,"o"
7809,"D"
7810,"H"
7811,"0"
7812,"a"
7813,"c"
7814,"T"
7815,"H"
7816,"f"
7817,"E"
7818,"A"
7819,"U"
7820,"t"
7821,"F"
7822,"O"
7823,"r"
7824,"J"
7825,"a"
7826,"S"
7827,"r"
7828,"B"
7829,"P"
7830,"l"
7831,"P"
7832,"E"
7833,"5"
7834,"M"
7835,"k"
7836,"A"
7837,"P"
7838,"e"
7839,"S"
7840,"M"
7841,"e"
7842,"w"
7843,"4"
7844,"R"
7845,"a"
7846,"F"
7847,"t"
7848,"s"
7849,"5"
7850,"r"
7851,"R"
7852,"A"
7853,"G"
7854,"f"
7855,"I"
7856,"T"
7857,"D"
7858,"O"
7859,"S"
7860,"L"
7861,"w"
7862,"t"
7863,"u"
7864,"A"
7865,"7"
7866,"N"
7867,"R"
7868,"q"
7869,"A"
7870,"O"
7871,"E"
7872,"G"
7873,"L"
7874,"A"
7875,"h"
7876,"E"
7877,"B"
7878,"x"
7879,"N"
7880,"D"
7881,"I"
7882,"I"
7883,"O"
7884,"a"
7885,"O"
7886,"E"
7887,"D"
7888,"A"
7889,"O"
7890,"H"
7891,"2"
7892,"E"
7893,"A"
7894,"s"
7895,"N"
7896,"I"
7897,"f"
7898,"n"
7899,"J"
7900,"e"
7901,"e"
7902,"r"
7903,"S"
7904,"N"
7905,"T"
7906,"D"
7907,"V"
7908,"r"
7909,"O"
7910,"A"
7911,"K"
7912,"r"
7913,"O"
7914,"e"
7915,"C"
7916,"R"
7917,"T"
7918,"R"
7919,"I"
7920,"v"
7921,"J"
7922,"H"
7923,"R"
7924,"e"
7925,"s"
7926,"R"
7927,"Y"
7928,"a"
7929,"r"
7930,"O"
7931,"o"
7932,"h"
7933,"H"
7934,"F"
7935,"H"
7936,"O"
7937,"Y"
7938,"H"
7939,"I"
7940,"T"
7941,"R"
7942,"H"
7943,"O"
7944,"I"
7945,"E"
7946,"R"
7947,"E"
7948,"D"
7949,"O"
7950,"E"
7951,"L"
7952,"A"
7953,"A"
7954,"I"
7955,"R"
7956,"I"
7957,"1"
7958,"I"
7959,"P"
7960,"I"
7961,"e"
7962,"N"
7963,"W"
7964,"C"
7965,"O"
7966,"I"
7967,"I"
7968,"S"
7969,"O"
7970,"S"
7971,"N"
7972,"s"
7973,"R"
7974,"I"
7975,"F"
7976,"A"
7977,"A"
7978,"a"
7979,"E"
7980,"e"
7981,"I"
7982,"F"
7983,"r"
7984,"T"
7985,"L"
7986,"c"
7987,"s"
7988,"e"
7989,"D"
7990,"I"
7991,"H"
7992,"l"
7993,"o"
7994,"C"
7995,"0"
7996,"O"
7997,"R"
7998,"0"
7999,"D"
8000,"N"
8001,"O"
8002,"R"
8003,"S"
8004,"c"
8005,"T"
8006,"T"
8007,"I"
8008,"M"
8009,"A"
8010,"I"
8011,"A"
8012,"G"
8013,"R"
8014,"I"
8015,"E"
8016,"L"
8017,"a"
8018,"r"
8019,"n"
8020,"T"
8021,"A"
8022,"E"
8023,"U"
8024,"H"
8025,"E"
8026,"O"
8027,"A"
8028,"o"
8029,"A"
8030,"n"
8031,"N"
8032,"o"
8033,"c"
8034,"i"
8035,"6"
8036,"M"
8037,"B"
8038,"T"
8039,"o"
8040,"u"
8041,"O"
8042,"I"
8043,"0"
8044,"E"
8045,"W"
8046,"a"
8047,"D"
8048,"6"
8049,"o"
8050,"C"
8051,"A"
8052,"3"
8053,"N"
8054,"H"
8055,"S"
8056,"R"
8057,"I"
8058,"I"
8059,"N"
8060,"R"
8061,"9"
8062,"R"
8063,"S"
8064,"R"
8065,"r"
8066,"C"
8067,"a"
8068,"l"
8069,"N"
8070,"N"
8071,"P"
8072,"I"
8073,"R"
8074,"C"
8075,"e"
8076,"O"
8077,"T"
8078,"R"
8079,"M"
8080,"u"
8081,"F"
8082,"t"
8083,"e"
8084,"N"
8085,"d"
8086,"U"
8087,"U"
8088,"E"
8089,"n"
8090,"K"
8091,"E"
8092,"T"
8093,"d"
8094,"N"
8095,"O"
8096,"r"
8097,"T"
8098,"D"
8099,"A"
8100,"S"
8101,"i"
8102,"i"
8103,"H"
8104,"I"
8105,"A"
8106,"I"
8107,"0"
8108,"D"
8109,"T"
8110,"A"
8111,"D"
8112,"i"
8113,"O"
8114,"E"
8115,"P"
8116,"L"
8117,"A"
8118,"N"
8119,"L"
8120,"A"
8121,"n"
8122,"O"
8123,"n"
8124,"I"
8125,"o"
8126,"0"
8127,"p"
8128,"I"
8129,"7"
8130,"L"
8131,"A"
8132,"M"
8133,"R"
8134,"H"
8135,"R"
8136,"c"
8137,"R"
8138,"I"
8139,"A"
8140,"O"
8141,"l"
8142,"P"
8143,"o"
8144,"T"
8145,"a"
8146,"W"
8147,"U"
8148,"O"
8149,"R"
8150,"C"
8151,"R"
8152,"R"
8153,"J"
8154,"o"
8155,"U"
8156,"r"
8157,"U"
8158,"I"
8159,"A"
8160,"7"
8161,"R"
8162,"S"
8163,"M"
8164,"o"
8165,"2"
8166,"A"
8167,"h"
8168,"e"
8169,"u"
8170,"o"
8171,"E"
8172,"i"
8173,"p"
8174,"S"
8175,"R"
8176,"T"
8177,"N"
8178,"H"
8179,"O"
8180,"I"
8181,"I"
8182,"o"
8183,"O"
8184,"C"
8185,"e"
8186,"D"
8187,"L"
8188,"A"
8189,"M"
8190,"e"
8191,"s"
8192,"i"
8193,"B"
8194,"6"
8195,"M"
8196,"e"
8197,"A"
8198,"S"
8199,"L"
8200,"A"
8201,"e"
8202,"s"
8203,"t"
8204,"i"
8205,"I"
8206,"N"
8207,"D"
8208,"e"
8209,"P"
8210,"E"
8211,"S"
8212,"H"
8213,"A"
8214,"T"
8215,"A"
8216,"N"
8217,"e"
8218,"E"
8219,"a"
8220,"K"
8221,"1"
8222,"A"
8223,"M"
8224,"I"
8225,"B"
8226,"N"
8227,"A"
8228,"e"
8229,"R"
8230,"s"
8231,"9"
8232,"T"
8233,"N"
8234,"e"
8235,"A"
8236,"I"
8237,"E"
8238,"I"
8239,"C"
8240,"u"
8241,"O"
8242,"o"
8243,"A"
8244,"h"
8245,"G"
8246,"I"
8247,"L"
8248,"V"
8249,"T"
8250,"A"
8251,"c"
8252,"M"
8253,"o"
8254,"o"
8255,"s"
8256,"Y"
8257,"P"
8258,"E"
8259,"N"
8260,"Q"
8261,"M"
8262,"c"
8263,"E"
8264,"0"
8265,"O"
8266,"B"
8267,"0"
8268,"E"
8269,"H"
8270,"G"
8271,"C"
8272,"U"
8273,"9"
8274,"O"
8275,"E"
8276,"R"
8277,"R"
8278,"A"
8279,"B"
8280,"L"
8281,"D"
8282,"R"
8283,"A"
8284,"A"
8285,"L"
8286,"S"
8287,"T"
8288,"i"
8289,"o"
8290,"E"
8291,"L"
8292,"E"
8293,"O"
8294,"O"
8295,"T"
8296,"r"
8297,"N"
8298,"O"
8299,"c"
8300,"D"
8301,"G"
8302,"I"
8303,"O"
8304,"N"
8305,"O"
8306,"V"
8307,"I"
8308,"l"
8309,"N"
8310,"C"
8311,"N"
8312,"O"
8313,"N"
8314,"7"
8315,"A"
8316,"o"
8317,"L"
8318,"o"
8319,"P"
8320,"m"
8321,"J"
8322,"M"
8323,"P"
8324,"E"
8325,"R"
8326,"T"
8327,"r"
8328,"P"
8329,"I"
8330,"e"
8331,"A"
8332,"I"
8333,"G"
8334,"a"
8335,"O"
8336,"O"
8337,"A"
8338,"D"
8339,"C"
8340,"B"
8341,"T"
8342,"a"
8343,"A"
8344,"c"
8345,"N"
8346,"S"
8347,"R"
8348,"O"
8349,"o"
8350,"I"
8351,"R"
8352,"G"
8353,"7"
8354,"T"
8355,"V"
8356,"I"
8357,"C"
8358,"O"
8359,"l"
8360,"r"
8361,"I"
8362,"P"
8363,"e"
8364,"O"
8365,"O"
8366,"o"
8367,"o"
8368,"R"
8369,"s"
8370,"E"
8371,"l"
8372,"i"
8373,"o"
8374,"N"
8375,"P"
8376,"L"
8377,"H"
8378,"A"
8379,"N"
8380,"N"
8381,"n"
8382,"P"
8383,"R"
8384,"S"
8385,"a"
8386,"R"
8387,"I"
8388,"E"
8389,"R"
8390,"B"
8391,"1"
8392,"D"
8393,"e"
8394,"N"
8395,"S"
8396,"P"
8397,"O"
8398,"R"
8399,"I"
8400,"S"
8401,"r"
8402,"E"
8403,"I"
8404,"X"
8405,"S"
8406,"N"
8407,"S"
8408,"I"
8409,"E"
8410,"N"
8411,"E"
8412,"E"
8413,"n"
8414,"T"
8415,"D"
8416,"T"
8417,"6"
8418,"l"
8419,"G"
8420,"k"
8421,"N"
8422,"M"
8423,"N"
8424,"N"
8425,"O"
8426,"e"
8427,"h"
8428,"E"
8429,"D"
8430,"c"
8431,"T"
8432,"A"
8433,"M"
8434,"N"
8435,"O"
8436,"A"
8437,"A"
8438,"o"
8439,"A"
8440,"0"
8441,"A"
8442,"H"
8443,"p"
8444,"S"
8445,"t"
8446,"z"
8447,"t"
8448,"f"
8449,"I"
8450,"D"
8451,"n"
8452,"D"
8453,"I"
8454,"i"
8455,"Z"
8456,"6"
8457,"N"
8458,"R"
8459,"M"
8460,"A"
8461,"U"
8462,"O"
8463,"E"
8464,"L"
8465,"I"
8466,"N"
8467,"H"
8468,"L"
8469,"P"
8470,"C"
8471,"r"
8472,"S"
8473,"B"
8474,"R"
8475,"c"
8476,"x"
8477,"L"
8478,"T"
8479,"e"
8480,"1"
8481,"O"
8482,"P"
8483,"R"
8484,"l"
8485,"o"
8486,"f"
8487,"t"
8488,"S"
8489,"e"
8490,"A"
8491,"E"
8492,"o"
8493,"R"
8494,"R"
8495,"L"
8496,"S"
8497,"n"
8498,"R"
8499,"Y"
8500,"c"
8501,"d"
8502,"4"
8503,"e"
8504,"h"
8505,"E"
8506,"T"
8507,"r"
8508,"H"
8509,"S"
8510,"t"
8511,"n"
8512,"N"
8513,"6"
8514,"E"
8515,"D"
8516,"V"
8517,"I"
8518,"D"
8519,"r"
8520,"T"
8521,"w"
8522,"T"
8523,"R"
8524,"L"
8525,"E"
8526,"s"
8527,"r"
8528,"D"
8529,"G"
8530,"N"
8531,"F"
8532,"m"
8533,"B"
8534,"A"
8535,"D"
8536,"H"
8537,"V"
8538,"A"
8539,"Z"
8540,"E"
8541,"n"
8542,"o"
8543,"i"
8544,"M"
8545,"P"
8546,"Y"
8547,"L"
8548,"W"
8549,"L"
8550,"S"
8551,"N"
8552,"e"
8553,"O"
8554,"R"
8555,"E"
8556,"9"
8557,"D"
8558,"H"
8559,"O"
8560,"I"
8561,"T"
8562,"o"
8563,"G"
8564,"a"
8565,"A"
8566,"1"
8567,"I"
8568,"A"
8569,"I"
8570,"I"
8571,"o"
8572,"I"
8573,"Y"
8574,"D"
8575,"3"
8576,"0"
8577,"O"
8578,"R"
8579,"N"
8580,"I"
8581,"I"
8582,"e"
8583,"U"
8584,"H"
8585,"I"
8586,"9"
8587,"6"
8588,"I"
8589,"n"
8590,"5"
8591,"o"
8592,"R"
8593,"I"
8594,"E"
8595,"r"
8596,"M"
8597,"I"
8598,"s"
8599,"i"
8600,"N"
8601,"E"
8602,"e"
8603,"l"
8604,"T"
8605,"E"
8606,"A"
8607,"U"
8608,"C"
8609,"l"
8610,"S"
8611,"0"
8612,"S"
8613,"4"
8614,"y"
8615,"s"
8616,"e"
8617,"R"
8618,"R"
8619,"d"
8620,"G"
8621,"R"
8622,"r"
8623,"I"
8624,"0"
8625,"D"
8626,"h"
8627,"E"
8628,"M"
8629,"M"
8630,"E"
8631,"P"
8632,"C"
8633,"S"
8634,"D"
8635,"A"
8636,"I"
8637,"C"
8638,"T"
8639,"I"
8640,"v"
8641,"S"
8642,"A"
8643,"Z"
8644,"M"
8645,"e"
8646,"0"
8647,"e"
8648,"O"
8649,"N"
8650,"a"
8651,"B"
8652,"O"
8653,"O"
8654,"D"
8655,"s"
8656,"N"
8657,"i"
8658,"B"
8659,"w"
8660,"n"
8661,"O"
8662,"1"
8663,"I"
8664,"I"
8665,"A"
8666,"H"
8667,"r"
8668,"D"
8669,"h"
8670,"s"
8671,"N"
8672,"R"
8673,"u"
8674,"n"
8675,"I"
8676,"w"
8677,"H"
8678,"T"
8679,"5"
8680,"r"
8681,"X"
8682,"K"
8683,"E"
8684,"O"
8685,"C"
8686,"R"
8687,"o"
8688,"A"
8689,"0"
8690,"E"
8691,"S"
8692,"c"
8693,"0"
8694,"I"
8695,"N"
8696,"M"
8697,"O"
8698,"U"
8699,"r"
8700,"U"
8701,"E"
8702,"R"
8703,"r"
8704,"T"
8705,"7"
8706,"s"
8707,"I"
8708,"t"
8709,"a"
8710,"V"
8711,"M"
8712,"r"
8713,"H"
8714,"N"
8715,"I"
8716,"S"
8717,"I"
8718,"H"
8719,"R"
8720,"n"
8721,"R"
8722,"q"
8723,"N"
8724,"l"
8725,"7"
8726,"H"
8727,"A"
8728,"M"
8729,"S"
8730,"F"
8731,"O"
8732,"A"
8733,"0"
8734,"R"
8735,"R"
8736,"a"
8737,"A"
8738,"A"
8739,"L"
8740,"N"
8741,"I"
8742,"i"
8743,"r"
8744,"Y"
8745,"t"
8746,"R"
8747,"H"
8748,"I"
8749,"O"
8750,"E"
8751,"E"
8752,"r"
8753,"g"
8754,"a"
8755,"m"
8756,"T"
8757,"I"
8758,"R"
8759,"P"
8760,"t"
8761,"O"
8762,"A"
8763,"N"
8764,"O"
8765,"O"
8766,"O"
8767,"e"
8768,"g"
8769,"E"
8770,"O"
8771,"e"
8772,"H"
8773,"S"
8774,"e"
8775,"o"
8776,"e"
8777,"O"
8778,"R"
8779,"D"
8780,"D"
8781,"T"
8782,"c"
8783,"T"
8784,"C"
8785,"l"
8786,"L"
8787,"O"
8788,"T"
8789,"n"
8790,"T"
8791,"C"
8792,"U"
8793,"M"
8794,"0"
8795,"d"
8796,"O"
8797,"o"
8798,"N"
8799,"J"
8800,"o"
8801,"r"
8802,"M"
8803,"E"
8804,"a"
8805,"R"
8806,"S"
8807,"I"
8808,"M"
8809,"U"
8810,"F"
8811,"N"
8812,"a"
8813,"o"
8814,"O"
8815,"S"
8816,"e"
8817,"D"
8818,"r"
8819,"e"
8820,"L"
8821,"w"
8822,"A"
8823,"E"
8824,"T"
8825,"O"
8826,"e"
8827,"o"
8828,"R"
8829,"E"
8830,"R"
8831,"I"
8832,"O"
8833,"1"
8834,"8"
8835,"H"
8836,"o"
8837,"P"
8838,"I"
8839,"u"
8840,"e"
8841,"Y"
8842,"A"
8843,"H"
8844,"a"
8845,"F"
8846,"a"
8847,"E"
8848,"1"
8849,"A"
8850,"S"
8851,"i"
8852,"D"
8853,"R"
8854,"O"
8855,"T"
8856,"e"
8857,"s"
8858,"P"
8859,"R"
8860,"I"
8861,"D"
8862,"G"
8863,"P"
8864,"R"
8865,"c"
8866,"N"
8867,"O"
8868,"L"
8869,"U"
8870,"U"
8871,"e"
8872,"A"
8873,"F"
8874,"C"
8875,"E"
8876,"E"
8877,"P"
8878,"O"
8879,"I"
8880,"T"
8881,"P"
8882,"G"
8883,"n"
8884,"A"
8885,"D"
8886,"V"
8887,"S"
8888,"P"
8889,"N"
8890,"r"
8891,"R"
8892,"O"
8893,"r"
8894,"n"
8895,"R"
8896,"a"
8897,"T"
8898,"e"
8899,"A"
8900,"e"
8901,"e"
8902,"C"
8903,"R"
8904,"0"
8905,"0"
8906,"n"
8907,"U"
8908,"M"
8909,"I"
8910,"r"
8911,"r"
8912,"B"
8913,"E"
8914,"t"
8915,"M"
8916,"E"
8917,"e"
8918,"A"
8919,"I"
8920,"O"
8921,"n"
8922,"N"
8923,"T"
8924,"I"
8925,"s"
8926,"g"
8927,"V"
8928,"L"
8929,"v"
8930,"R"
8931,"M"
8932,"D"
8933,"L"
8934,"r"
8935,"R"
8936,"L"
8937,"R"
8938,"O"
8939,"N"
8940,"D"
8941,"a"
8942,"S"
8943,"o"
8944,"N"
8945,"x"
8946,"N"
8947,"L"
8948,"T"
8949,"H"
8950,"r"
8951,"D"
8952,"C"
8953,"r"
8954,"e"
8955,"i"
8956,"8"
8957,"N"
8958,"R"
8959,"C"
8960,"P"
8961,"I"
8962,"M"
8963,"R"
8964,"7"
8965,"n"
8966,"T"
8967,"S"
8968,"r"
8969,"N"
8970,"e"
8971,"D"
8972,"d"
8973,"A"
8974,"I"
8975,"h"
8976,"R"
8977,"e"
8978,"E"
8979,"n"
8980,"O"
8981,"3"
8982,"W"
8983,"U"
8984,"s"
8985,"O"
8986,"6"
8987,"D"
8988,"N"
8989,"o"
8990,"R"
8991,"A"
8992,"z"
8993,"i"
8994,"R"
8995,"N"
8996,"n"
8997,"J"
8998,"A"
8999,"A"
9000,"R"
9001,"N"
9002,"A"
9003,"O"
9004,"V"
9005,"A"
9006,"N"
9007,"G"
9008,"1"
9009,"N"
9010,"A"
9011,"O"
9012,"P"
9013,"r"
9014,"o"
9015,"t"
9016,"R"
9017,"l"
9018,"D"
9019,"P"
9020,"T"
9021,"T"
9022,"R"
9023,"A"
9024,"M"
9025,"I"
9026,"e"
9027,"D"
9028,"R"
9029,"l"
9030,"D"
9031,"A"
9032,"y"
9033,"I"
9034,"a"
9035,"0"
9036,"0"
9037,"R"
9038,"P"
9039,"N"
9040,"N"
9041,"M"
9042,"E"
9043,"t"
9044,"I"
9045,"J"
9046,"I"
9047,"N"
9048,"D"
9049,"i"
9050,"r"
9051,"2"
9052,"L"
9053,"r"
9054,"e"
9055,"A"
9056,"U"
9057,"n"
9058,"I"
9059,"s"
9060,"e"
9061,"I"
9062,"u"
9063,"i"
9064,"a"
9065,"C"
9066,"A"
9067,"I"
9068,"E"
9069,"O"
9070,"E"
9071,"T"
9072,"h"
9073,"O"
9074,"9"
9075,"n"
9076,"a"
9077,"V"
9078,"e"
9079,"a"
9080,"R"
9081,"3"
9082,"p"
9083,"I"
9084,"a"
9085,"c"
9086,"N"
9087,"e"
9088,"I"
9089,"a"
9090,"O"
9091,"l"
9092,"T"
9093,"F"
9094,"E"
9095,"E"
9096,"0"
9097,"A"
9098,"4"
9099,"S"
9100,"U"
9101,"E"
9102,"o"
9103,"M"
9104,"h"
9105,"N"
9106,"K"
9107,"t"
9108,"P"
9109,"e"
9110,"I"
9111,"l"
9112,"M"
9113,"h"
9114,"D"
9115,"B"
9116,"N"
9117,"E"
9118,"V"
9119,"E"
9120,"O"
9121,"I"
9122,"I"
9123,"N"
9124,"R"
9125,"O"
9126,"2"
9127,"R"
9128,"a"
9129,"T"
9130,"D"
9131,"B"
9132,"I"
9133,"A"
9134,"O"
9135,"e"
9136,"l"
9137,"a"
9138,"E"
9139,"a"
9140,"E"
9141,"a"
9142,"E"
9143,"U"
9144,"S"
9145,"O"
9146,"O"
9147,"T"
9148,"R"
9149,"I"
9150,"T"
9151,"D"
9152,"0"
9153,"C"
9154,"0"
9155,"A"
9156,"T"
9157,"U"
9158,"f"
9159,"C"
9160,"7"
9161,"D"
9162,"S"
9163,"O"
9164,"A"
9165,"F"
9166,"E"
9167,"e"
9168,"Z"
9169,"D"
9170,"e"
9171,"O"
9172,"T"
9173,"N"
9174,"o"
9175,"e"
9176,"A"
9177,"l"
9178,"I"
9179,"D"
9180,"o"
9181,"T"
9182,"M"
9183,"n"
9184,"m"
9185,"a"
9186,"X"
9187,"N"
9188,"N"
9189,"2"
9190,"I"
9191,"I"
9192,"N"
9193,"O"
9194,"H"
9195,"a"
9196,"O"
9197,"E"
9198,"K"
9199,"H"
9200,"O"
9201,"o"
9202,"E"
9203,"N"
9204,"P"
9205,"s"
9206,"T"
9207,"D"
9208,"A"
9209,"O"
9210,"4"
9211,"h"
9212,"V"
9213,"M"
9214,"P"
9215,"S"
9216,"e"
9217,"o"
9218,"z"
9219,"a"
9220,"T"
9221,"I"
9222,"E"
9223,"h"
9224,"E"
9225,"E"
9226,"r"
9227,"C"
9228,"2"
9229,"B"
9230,"e"
9231,"r"
9232,"t"
9233,"t"
9234,"e"
9235,"q"
9236,"x"
9237,"A"
9238,"L"
9239,"N"
9240,"M"
9241,"N"
9242,"A"
9243,"O"
9244,"A"
9245,"C"
9246,"A"
9247,"d"
9248,"R"
9249,"a"
9250,"a"
9251,"T"
9252,"I"
9253,"F"
9254,"M"
9255,"O"
9256,"E"
9257,"p"
9258,"A"
9259,"R"
9260,"L"
9261,"M"
9262,"Y"
9263,"G"
9264,"T"
9265,"A"
9266,"e"
9267,"i"
9268,"O"
9269,"i"
9270,"J"
9271,"B"
9272,"s"
9273,"T"
9274,"N"
9275,"h"
9276,"O"
9277,"L"
9278,"E"
9279,"U"
9280,"O"
9281,"N"
9282,"r"
9283,"e"
9284,"S"
9285,"e"
9286,"R"
9287,"A"
9288,"R"
9289,"G"
9290,"O"
9291,"S"
9292,"N"
9293,"A"
9294,"V"
9295,"E"
9296,"h"
9297,"C"
9298,"E"
9299,"2"
9300,"T"
9301,"A"
9302,"u"
9303,"C"
9304,"E"
9305,"n"
9306,"A"
9307,"o"
9308,"3"
9309,"n"
9310,"i"
9311,"I"
9312,"R"
9313,"E"
9314,"u"
9315,"Z"
9316,"A"
9317,"E"
9318,"N"
9319,"E"
9320,"D"
9321,"9"
9322,"R"
9323,"E"
9324,"S"
9325,"B"
9326,"H"
9327,"n"
9328,"O"
9329,"U"
9330,"C"
9331,"e"
9332,"L"
9333,"N"
9334,"J"
9335,"K"
9336,"i"
9337,"I"
9338,"I"
9339,"c"
9340,"N"
9341,"S"
9342,"R"
9343,"R"
9344,"C"
9345,"e"
9346,"I"
9347,"O"
9348,"H"
9349,"e"
9350,"T"
9351,"l"
9352,"O"
9353,"E"
9354,"A"
9355,"N"
9356,"o"
9357,"R"
9358,"O"
9359,"q"
9360,"I"
9361,"A"
9362,"o"
9363,"I"
9364,"e"
9365,"R"
9366,"a"
9367,"A"
9368,"T"
9369,"a"
9370,"u"
9371,"H"
9372,"O"
9373,"L"
9374,"r"
9375,"v"
9376,"C"
9377,"E"
9378,"E"
9379,"N"
9380,"I"
9381,"V"
9382,"S"
9383,"a"
9384,"s"
9385,"o"
9386,"2"
9387,"Q"
9388,"P"
9389,"I"
9390,"m"
9391,"E"
9392,"A"
9393,"O"
9394,"n"
9395,"L"
9396,"V"
9397,"T"
9398,"P"
9399,"2"
9400,"N"
9401,"P"
9402,"e"
9403,"s"
9404,"e"
9405,"e"
9406,"D"
9407,"O"
9408,"R"
9409,"l"
9410,"o"
9411,"A"
9412,"E"
9413,"r"
9414,"l"
9415,"t"
9416,"A"
9417,"B"
9418,"O"
9419,"T"
9420,"E"
9421,"2"
9422,"A"
9423,"H"
9424,"D"
9425,"N"
9426,"0"
9427,"i"
9428,"i"
9429,"E"
9430,"T"
9431,"r"
9432,"a"
9433,"0"
9434,"K"
9435,"E"
9436,"L"
9437,"e"
9438,"n"
9439,"o"
9440,"E"
9441,"s"
9442,"u"
9443,"M"
9444,"L"
9445,"I"
9446,"h"
9447,"s"
9448,"R"
9449,"e"
9450,"a"
9451,"c"
9452,"o"
9453,"R"
9454,"J"
9455,"N"
9456,"U"
9457,"O"
9458,"o"
9459,"e"
9460,"R"
9461,"i"
9462,"O"
9463,"I"
9464,"e"
9465,"F"
9466,"A"
9467,"F"
9468,"a"
9469,"e"
9470,"t"
9471,"m"
9472,"M"
9473,"N"
9474,"l"
9475,"o"
9476,"O"
9477,"w"
9478,"A"
9479,"e"
9480,"P"
9481,"I"
9482,"I"
9483,"e"
9484,"I"
9485,"A"
9486,"H"
9487,"N"
9488,"S"
9489,"A"
9490,"O"
9491,"h"
9492,"E"
9493,"N"
9494,"r"
9495,"s"
9496,"s"
9497,"E"
9498,"M"
9499,"R"
9500,"c"
9501,"N"
9502,"e"
9503,"r"
9504,"C"
9505,"A"
9506,"l"
9507,"i"
9508,"s"
9509,"X"
9510,"0"
9511,"R"
9512,"a"
9513,"J"
9514,"A"
9515,"3"
9516,"N"
9517,"O"
9518,"t"
9519,"E"
9520,"n"
9521,"D"
9522,"a"
9523,"u"
9524,"A"
9525,"E"
9526,"U"
9527,"h"
9528,"N"
9529,"I"
9530,"C"
9531,"L"
9532,"R"
9533,"l"
9534,"1"
9535,"F"
9536,"N"
9537,"I"
9538,"T"
9539,"e"
9540,"L"
9541,"P"
9542,"T"
9543,"e"
9544,"A"
9545,"0"
9546,"E"
9547,"B"
9548,"R"
9549,"O"
9550,"e"
9551,"R"
9552,"a"
9553,"Y"
9554,"P"
9555,"s"
9556,"E"
9557,"O"
9558,"N"
9559,"e"
9560,"3"
9561,"o"
9562,"O"
9563,"R"
9564,"6"
9565,"s"
9566,"A"
9567,"i"
9568,"o"
9569,"A"
9570,"y"
9571,"e"
9572,"C"
9573,"I"
9574,"N"
9575,"I"
9576,"y"
9577,"r"
9578,"S"
9579,"N"
9580,"T"
9581,"V"
9582,"J"
9583,"A"
9584,"R"
9585,"A"
9586,"I"
9587,"U"
9588,"M"
9589,"O"
9590,"M"
9591,"r"
9592,"N"
9593,"n"
9594,"D"
9595,"C"
9596,"E"
9597,"e"
9598,"r"
9599,"N"
9600,"a"
9601,"r"
9602,"E"
9603,"e"
9604,"O"
9605,"2"
9606,"1"
9607,"A"
9608,"c"
9609,"a"
9610,"h"
9611,"T"
9612,"R"
9613,"a"
9614,"T"
9615,"A"
9616,"H"
9617,"M"
9618,"B"
9619,"s"
9620,"O"
9621,"A"
9622,"O"
9623,"O"
9624,"A"
9625,"l"
9626,"T"
9627,"I"
9628,"E"
9629,"A"
9630,"N"
9631,"A"
9632,"p"
9633,"e"
9634,"E"
9635,"A"
9636,"R"
9637,"R"
9638,"r"
9639,"R"
9640,"e"
9641,"r"
9642,"I"
9643,"S"
9644,"o"
9645,"o"
9646,"B"
9647,"E"
9648,"N"
9649,"o"
9650,"I"
9651,"T"
9652,"e"
9653,"I"
9654,"P"
9655,"E"
9656,"i"
9657,"O"
9658,"A"
9659,"B"
9660,"C"
9661,"T"
9662,"E"
9663,"e"
9664,"A"
9665,"3"
9666,"T"
9667,"0"
9668,"S"
9669,"H"
9670,"M"
9671,"B"
9672,"N"
9673,"A"
9674,"I"
9675,"t"
9676,"E"
9677,"X"
9678,"o"
9679,"B"
9680,"R"
9681,"S"
9682,"R"
9683,"P"
9684,"D"
9685,"A"
9686,"E"
9687,"O"
9688,"A"
9689,"S"
9690,"t"
9691,"E"
9692,"e"
9693,"O"
9694,"I"
9695,"0"
9696,"M"
9697,"t"
9698,"N"
9699,"1"
9700,"I"
9701,"S"
9702,"A"
9703,"r"
9704,"P"
9705,"I"
9706,"F"
9707,"T"
9708,"t"
9709,"D"
9710,"C"
9711,"z"
9712,"o"
9713,"I"
9714,"J"
9715,"I"
9716,"e"
9717,"T"
9718,"E"
9719,"a"
9720,"P"
9721,"E"
9722,"U"
9723,"I"
9724,"a"
9725,"T"
9726,"T"
9727,"V"
9728,"I"
9729,"e"
9730,"O"
9731,"A"
9732,"0"
9733,"E"
9734,"R"
9735,"e"
9736,"A"
9737,"S"
9738,"F"
9739,"T"
9740,"h"
9741,"B"
9742,"R"
9743,"Q"
9744,"a"
9745,"0"
9746,"a"
9747,"V"
9748,"S"
9749,"1"
9750,"A"
9751,"N"
9752,"o"
9753,"c"
9754,"N"
9755,"N"
9756,"S"
9757,"I"
9758,"0"
9759,"I"
9760,"5"
9761,"l"
9762,"h"
9763,"R"
9764,"B"
9765,"T"
9766,"R"
9767,"q"
9768,"R"
9769,"I"
9770,"I"
9771,"i"
9772,"a"
9773,"t"
9774,"e"
9775,"O"
9776,"E"
9777,"C"
9778,"7"
9779,"I"
9780,"T"
9781,"D"
9782,"A"
9783,"O"
9784,"I"
9785,"A"
9786,"I"
9787,"B"
9788,"o"
9789,"I"
9790,"b"
9791,"N"
9792,"O"
9793,"i"
9794,"M"
9795,"N"
9796,"l"
9797,"r"
9798,"a"
9799,"I"
9800,"7"
9801,"O"
9802,"S"
9803,"8"
9804,"E"
9805,"K"
9806,"A"
9807,"L"
9808,"C"
9809,"A"
9810,"R"
9811,"T"
9812,"0"
9813,"L"
9814,"l"
9815,"s"
9816,"r"
9817,"A"
9818,"i"
9819,"D"
9820,"M"
9821,"n"
9822,"Y"
9823,"o"
9824,"0"
9825,"S"
9826,"S"
9827,"E"
9828,"S"
9829,"R"
9830,"D"
9831,"4"
9832,"T"
9833,"B"
9834,"D"
9835,"l"
9836,"O"
9837,"I"
9838,"h"
9839,"r"
9840,"l"
9841,"i"
9842,"R"
9843,"T"
9844,"Z"
9845,"t"
9846,"A"
9847,"B"
9848,"R"
9849,"A"
9850,"C"
9851,"O"
9852,"n"
9853,"M"
9854,"S"
9855,"R"
9856,"O"
9857,"t"
9858,"A"
9859,"a"
9860,"I"
9861,"S"
9862,"E"
9863,"P"
9864,"d"
9865,"e"
9866,"R"
9867,"C"
9868,"I"
9869,"u"
9870,"B"
9871,"E"
9872,"m"
9873,"T"
9874,"R"
9875,"1"
9876,"Y"
9877,"S"
9878,"o"
9879,"Z"
9880,"I"
9881,"R"
9882,"A"
9883,"4"
9884,"S"
9885,"e"
9886,"7"
9887,"U"
9888,"O"
9889,"E"
9890,"u"
9891,"A"
9892,"O"
9893,"a"
9894,"N"
9895,"R"
9896,"i"
9897,"l"
9898,"e"
9899,"O"
9900,"A"
9901,"n"
9902,"c"
9903,"N"
9904,"O"
9905,"a"
9906,"1"
9907,"l"
9908,"S"
9909,"I"
9910,"A"
9911,"5"
9912,"u"
9913,"A"
9914,"E"
9915,"R"
9916,"N"
9917,"e"
9918,"I"
9919,"f"
9920,"T"
9921,"O"
9922,"R"
9923,"O"
9924,"n"
9925,"E"
9926,"E"
9927,"X"
9928,"R"
9929,"e"
9930,"P"
9931,"I"
9932,"C"
9933,"O"
9934,"C"
9935,"A"
9936,"A"
9937,"R"
9938,"L"
9939,"O"
9940,"i"
9941,"r"
9942,"I"
9943,"E"
9944,"E"
9945,"N"
9946,"M"
9947,"L"
9948,"R"
9949,"r"
9950,"Y"
9951,"a"
9952,"i"
9953,"T"
9954,"4"
9955,"l"
9956,"L"
9957,"i"
9958,"T"
9959,"e"
9960,"r"
9961,"r"
9962,"A"
9963,"S"
9964,"E"
9965,"l"
9966,"a"
9967,"7"
9968,"l"
9969,"R"
9970,"u"
9971,"E"
9972,"M"
9973,"s"
9974,"e"
9975,"E"
9976,"N"
9977,"r"
9978,"T"
9979,"W"
9980,"T"
9981,"I"
9982,"B"
9983,"R"
9984,"r"
9985,"E"
9986,"A"
9987,"L"
9988,"F"
9989,"A"
9990,"I"
9991,"S"
9992,"T"
9993,"X"
9994,"M"
9995,"N"
9996,"D"
9997,"S"
9998,"T"
9999,"o"
10000,"T"
10001,"P"
10002,"E"
10003,"T"
10004,"D"
10005,"l"
10006,"R"
10007,"S"
10008,"E"
10009,"S"
10010,"o"
10011,"I"
10012,"e"
10013,"R"
10014,"S"
10015,"6"
10016,"x"
10017,"2"
10018,"T"
10019,"0"
10020,"K"
10021,"R"
10022,"H"
10023,"e"
10024,"I"
10025,"o"
10026,"O"
10027,"O"
10028,"C"
10029,"M"
10030,"C"
10031,"o"
10032,"E"
10033,"n"
10034,"A"
10035,"R"
10036,"D"
10037,"o"
10038,"i"
10039,"N"
10040,"H"
10041,"U"
10042,"A"
10043,"A"
10044,"u"
10045,"O"
10046,"R"
10047,"h"
10048,"N"
10049,"n"
10050,"n"
10051,"c"
10052,"N"
10053,"E"
10054,"A"
10055,"E"
10056,"D"
10057,"l"
10058,"r"
10059,"q"
10060,"N"
10061,"a"
10062,"2"
10063,"H"
10064,"S"
10065,"B"
10066,"I"
10067,"R"
10068,"c"
10069,"K"
10070,"I"
10071,"r"
10072,"D"
10073,"V"
10074,"s"
10075,"L"
10076,"r"
10077,"e"
10078,"P"
10079,"A"
10080,"n"
10081,"E"
10082,"A"
10083,"0"
10084,"o"
10085,"C"
10086,"N"
10087,"L"
10088,"N"
10089,"S"
10090,"T"
10091,"S"
10092,"E"
10093,"O"
10094,"R"
10095,"T"
10096,"A"
10097,"D"
10098,"A"
10099,"c"
10100,"D"
10101,"U"
10102,"0"
10103,"C"
10104,"R"
10105,"B"
10106,"R"
10107,"O"
10108,"A"
10109,"T"
10110,"N"
10111,"d"
10112,"W"
10113,"1"
10114,"E"
10115,"U"
10116,"N"
10117,"a"
10118,"P"
10119,"S"
10120,"T"
10121,"M"
10122,"O"
10123,"S"
10124,"o"
10125,"U"
10126,"O"
10127,"B"
10128,"F"
10129,"C"
10130,"O"
10131,"L"
10132,"a"
10133,"e"
10134,"I"
10135,"A"
10136,"F"
10137,"M"
10138,"O"
10139,"a"
10140,"A"
10141,"L"
10142,"e"
10143,"D"
10144,"l"
10145,"I"
10146,"D"
10147,"R"
10148,"l"
10149,"F"
10150,"O"
10151,"H"
10152,"A"
10153,"S"
10154,"I"
10155,"D"
10156,"A"
10157,"N"
10158,"l"
10159,"I"
10160,"E"
10161,"D"
10162,"H"
10163,"O"
10164,"p"
10165,"M"
10166,"L"
10167,"o"
10168,"s"
10169,"P"
10170,"E"
10171,"k"
10172,"a"
10173,"R"
10174,"A"
10175,"t"
10176,"o"
10177,"A"
10178,"P"
10179,"t"
10180,"r"
10181,"o"
10182,"R"
10183,"n"
10184,"S"
10185,"C"
10186,"e"
10187,"O"
10188,"M"
10189,"T"
10190,"a"
10191,"e"
10192,"L"
10193,"e"
10194,"O"
10195,"a"
10196,"N"
10197,"T"
10198,"a"
10199,"r"
10200,"2"
10201,"B"
10202,"N"
10203,"N"
10204,"E"
10205,"l"
10206,"A"
10207,"J"
10208,"i"
10209,"T"
10210,"R"
10211,"L"
10212,"Y"
10213,"C"
10214,"L"
10215,"S"
10216,"H"
10217,"a"
10218,"B"
10219,"u"
10220,"R"
10221,"C"
10222,"e"
10223,"5"
10224,"A"
10225,"O"
10226,"P"
10227,"V"
10228,"P"
10229,"e"
10230,"D"
10231,"r"
10232,"U"
10233,"A"
10234,"C"
10235,"S"
10236,"Y"
10237,"T"
10238,"r"
10239,"I"
10240,"I"
10241,"E"
10242,"H"
10243,"V"
10244,"n"
10245,"S"
10246,"P"
10247,"E"
10248,"e"
10249,"D"
10250,"E"
10251,"J"
10252,"C"
10253,"M"
10254,"5"
10255,"L"
10256,"B"
10257,"n"
10258,"r"
10259,"r"
10260,"A"
10261,"A"
10262,"R"
10263,"h"
10264,"E"
10265,"u"
10266,"D"
10267,"S"
10268,"b"
10269,"0"
10270,"M"
10271,"N"
10272,"A"
10273,"P"
10274,"R"
10275,"r"
10276,"O"
10277,"H"
10278,"X"
10279,"A"
10280,"4"
10281,"o"
10282,"I"
10283,"A"
10284,"i"
10285,"a"
10286,"i"
10287,"D"
10288,"j"
10289,"a"
10290,"P"
10291,"E"
10292,"O"
10293,"C"
10294,"R"
10295,"I"
10296,"a"
10297,"0"
10298,"o"
10299,"M"
10300,"N"
10301,"L"
10302,"S"
10303,"T"
10304,"D"
10305,"5"
10306,"I"
10307,"V"
10308,"F"
10309,"a"
10310,"N"
10311,"H"
10312,"S"
10313,"0"
10314,"P"
10315,"A"
10316,"t"
10317,"a"
10318,"E"
10319,"C"
10320,"r"
10321,"T"
10322,"Y"
10323,"T"
10324,"G"
10325,"R"
10326,"O"
10327,"I"
10328,"N"
10329,"H"
10330,"S"
10331,"V"
10332,"M"
10333,"I"
10334,"9"
10335,"7"
10336,"A"
10337,"R"
10338,"6"
10339,"l"
10340,"E"
10341,"I"
10342,"O"
10343,"A"
10344,"5"
10345,"D"
10346,"o"
10347,"R"
10348,"o"
10349,"s"
10350,"n"
10351,"E"
10352,"A"
10353,"w"
10354,"I"
10355,"h"
10356,"A"
10357,"S"
10358,"H"
10359,"O"
10360,"N"
10361,"R"
10362,"I"
10363,"i"
10364,"s"
10365,"I"
10366,"T"
10367,"1"
10368,"C"
10369,"T"
10370,"I"
10371,"A"
10372,"T"
10373,"O"
10374,"H"
10375,"O"
10376,"9"
10377,"B"
10378,"I"
10379,"S"
10380,"T"
10381,"o"
10382,"S"
10383,"T"
10384,"P"
10385,"l"
10386,"I"
10387,"S"
10388,"s"
10389,"S"
10390,"S"
10391,"s"
10392,"R"
10393,"e"
10394,"I"
10395,"M"
10396,"E"
10397,"I"
10398,"o"
10399,"T"
10400,"r"
10401,"D"
10402,"I"
10403,"R"
10404,"e"
10405,"I"
10406,"N"
10407,"1"
10408,"P"
10409,"H"
10410,"D"
10411,"h"
10412,"S"
10413,"T"
10414,"E"
10415,"i"
10416,"N"
10417,"n"
10418,"h"
10419,"c"
10420,"E"
10421,"T"
10422,"R"
10423,"D"
10424,"W"
10425,"M"
10426,"N"
10427,"L"
10428,"A"
10429,"r"
10430,"M"
10431,"D"
10432,"A"
10433,"I"
10434,"a"
10435,"V"
10436,"T"
10437,"A"
10438,"D"
10439,"I"
10440,"R"
10441,"R"
10442,"l"
10443,"0"
10444,"L"
10445,"A"
10446,"I"
10447,"C"
10448,"D"
10449,"t"
10450,"p"
10451,"e"
10452,"R"
10453,"M"
10454,"A"
10455,"C"
10456,"E"
10457,"R"
10458,"s"
10459,"O"
10460,"R"
10461,"L"
10462,"1"
10463,"5"
10464,"u"
10465,"y"
10466,"I"
10467,"D"
10468,"T"
10469,"u"
10470,"0"
10471,"B"
10472,"o"
10473,"B"
10474,"o"
10475,"0"
10476,"u"
10477,"Z"
10478,"u"
10479,"I"
10480,"o"
10481,"h"
10482,"i"
10483,"I"
10484,"B"
10485,"T"
10486,"G"
10487,"H"
10488,"5"
10489,"E"
10490,"a"
10491,"A"
10492,"S"
10493,"O"
10494,"U"
10495,"i"
10496,"R"
10497,"E"
10498,"0"
10499,"T"
10500,"V"
10501,"H"
10502,"E"
10503,"O"
10504,"O"
10505,"B"
10506,"T"
10507,"M"
10508,"E"
10509,"E"
10510,"R"
10511,"I"
10512,"J"
10513,"P"
10514,"0"
10515,"v"
10516,"D"
10517,"i"
10518,"e"
10519,"w"
10520,"N"
10521,"M"
10522,"S"
10523,"d"
10524,"R"
10525,"l"
10526,"H"
10527,"o"
10528,"R"
10529,"E"
10530,"8"
10531,"O"
10532,"r"
10533,"r"
10534,"e"
10535,"0"
10536,"I"
10537,"E"
10538,"t"
10539,"A"
10540,"h"
10541,"E"
10542,"6"
10543,"t"
10544,"A"
10545,"w"
10546,"D"
10547,"6"
10548,"E"
10549,"A"
10550,"N"
10551,"L"
10552,"i"
10553,"N"
10554,"N"
10555,"I"
10556,"m"
10557,"A"
10558,"T"
10559,"L"
10560,"R"
10561,"I"
10562,"D"
10563,"v"
10564,"b"
10565,"E"
10566,"u"
10567,"v"
10568,"R"
10569,"y"
10570,"o"
10571,"A"
10572,"0"
10573,"f"
10574,"M"
10575,"A"
10576,"t"
10577,"r"
10578,"F"
10579,"P"
10580,"e"
10581,"O"
10582,"s"
10583,"I"
10584,"2"
10585,"e"
10586,"R"
10587,"D"
10588,"7"
10589,"n"
10590,"5"
10591,"I"
10592,"S"
10593,"N"
10594,"O"
10595,"A"
10596,"E"
10597,"P"
10598,"H"
10599,"a"
10600,"H"
10601,"I"
10602,"A"
10603,"M"
10604,"r"
10605,"t"
10606,"T"
10607,"O"
10608,"L"
10609,"D"
10610,"q"
10611,"E"
10612,"O"
10613,"U"
10614,"I"
10615,"a"
10616,"u"
10617,"t"
10618,"D"
10619,"c"
10620,"I"
10621,"r"
10622,"L"
10623,"B"
10624,"l"
10625,"E"
10626,"S"
10627,"T"
10628,"e"
10629,"N"
10630,"X"
10631,"O"
10632,"A"
10633,"r"
10634,"C"
10635,"r"
10636,"I"
10637,"R"
10638,"P"
10639,"s"
10640,"l"
10641,"O"
10642,"H"
10643,"I"
10644,"B"
10645,"t"
10646,"e"
10647,"E"
10648,"T"
10649,"O"
10650,"L"
10651,"l"
10652,"u"
10653,"i"
10654,"O"
10655,"P"
10656,"A"
10657,"i"
10658,"N"
10659,"r"
10660,"R"
10661,"e"
10662,"R"
10663,"O"
10664,"H"
10665,"W"
10666,"C"
10667,"T"
10668,"O"
10669,"A"
10670,"D"
10671,"L"
10672,"I"
10673,"M"
10674,"n"
10675,"s"
10676,"A"
10677,"d"
10678,"I"
10679,"S"
10680,"K"
10681,"m"
10682,"R"
10683,"0"
10684,"t"
10685,"n"
10686,"S"
10687,"e"
10688,"A"
10689,"p"
10690,"e"
10691,"0"
10692,"T"
10693,"L"
10694,"A"
10695,"I"
10696,"M"
10697,"F"
10698,"e"
10699,"B"
10700,"I"
10701,"I"
10702,"R"
10703,"U"
10704,"N"
10705,"T"
10706,"l"
10707,"9"
10708,"m"
10709,"i"
10710,"e"
10711,"A"
10712,"E"
10713,"I"
10714,"I"
10715,"R"
10716,"o"
10717,"M"
10718,"K"
10719,"U"
10720,"r"
10721,"0"
10722,"H"
10723,"r"
10724,"I"
10725,"T"
10726,"N"
10727,"I"
10728,"A"
10729,"L"
10730,"C"
10731,"O"
10732,"e"
10733,"i"
10734,"N"
10735,"C"
10736,"e"
10737,"o"
10738,"O"
10739,"O"
10740,"e"
10741,"r"
10742,"T"
10743,"S"
10744,"S"
10745,"D"
10746,"U"
10747,"T"
10748,"E"
10749,"o"
10750,"O"
10751,"A"
10752,"e"
10753,"f"
10754,"A"
10755,"R"
10756,"R"
10757,"A"
10758,"X"
10759,"L"
10760,"I"
10761,"s"
10762,"4"
10763,"F"
10764,"N"
10765,"C"
10766,"G"
10767,"x"
10768,"R"
10769,"I"
10770,"n"
10771,"n"
10772,"I"
10773,"s"
10774,"D"
10775,"N"
10776,"T"
10777,"I"
10778,"R"
10779,"N"
10780,"E"
10781,"A"
10782,"t"
10783,"R"
10784,"n"
10785,"A"
10786,"R"
10787,"0"
10788,"B"
10789,"r"
10790,"N"
10791,"h"
10792,"m"
10793,"P"
10794,"X"
10795,"i"
10796,"M"
10797,"6"
10798,"H"
10799,"s"
10800,"A"
10801,"O"
10802,"T"
10803,"r"
10804,"t"
10805,"N"
10806,"u"
10807,"R"
10808,"B"
10809,"I"
10810,"N"
10811,"l"
10812,"6"
10813,"E"
10814,"E"
10815,"A"
10816,"E"
10817,"O"
10818,"O"
10819,"I"
10820,"l"
10821,"D"
10822,"R"
10823,"R"
10824,"e"
10825,"A"
10826,"e"
10827,"L"
10828,"s"
10829,"k"
10830,"T"
10831,"O"
10832,"G"
10833,"B"
10834,"M"
10835,"0"
10836,"r"
10837,"S"
10838,"2"
10839,"E"
10840,"n"
10841,"H"
10842,"V"
10843,"J"
10844,"R"
10845,"C"
10846,"p"
10847,"M"
10848,"S"
10849,"r"
10850,"D"
10851,"c"
10852,"C"
10853,"A"
10854,"c"
10855,"S"
10856,"U"
10857,"O"
10858,"R"
10859,"N"
10860,"E"
10861,"N"
10862,"I"
10863,"T"
10864,"C"
10865,"A"
10866,"E"
10867,"B"
10868,"7"
10869,"A"
10870,"l"
10871,"E"
10872,"C"
10873,"O"
10874,"e"
10875,"E"
10876,"s"
10877,"t"
10878,"b"
10879,"n"
10880,"A"
10881,"N"
10882,"J"
10883,"K"
10884,"E"
10885,"5"
10886,"R"
10887,"R"
10888,"P"
10889,"R"
10890,"R"
10891,"T"
10892,"I"
10893,"S"
10894,"N"
10895,"7"
10896,"e"
10897,"C"
10898,"A"
10899,"C"
10900,"1"
10901,"H"
10902,"E"
10903,"i"
10904,"O"
10905,"O"
10906,"v"
10907,"R"
10908,"E"
10909,"r"
10910,"N"
10911,"I"
10912,"l"
10913,"0"
10914,"u"
10915,"T"
10916,"r"
10917,"M"
10918,"I"
10919,"o"
10920,"R"
10921,"A"
10922,"S"
10923,"A"
10924,"I"
10925,"E"
10926,"N"
10927,"A"
10928,"O"
10929,"I"
10930,"A"
10931,"O"
10932,"c"
10933,"E"
10934,"L"
10935,"H"
10936,"A"
10937,"h"
10938,"f"
10939,"t"
10940,"e"
10941,"C"
10942,"N"
10943,"N"
10944,"E"
10945,"o"
10946,"F"
10947,"r"
10948,"I"
10949,"n"
10950,"D"
10951,"l"
10952,"A"
10953,"T"
10954,"a"
10955,"e"
10956,"6"
10957,"A"
10958,"6"
10959,"e"
10960,"O"
10961,"A"
10962,"A"
10963,"S"
10964,"U"
10965,"T"
10966,"B"
10967,"O"
10968,"A"
10969,"N"
10970,"s"
10971,"I"
10972,"B"
10973,"G"
10974,"r"
10975,"N"
10976,"n"
10977,"O"
10978,"O"
10979,"R"
10980,"N"
10981,"R"
10982,"e"
10983,"C"
10984,"I"
10985,"P"
10986,"e"
10987,"H"
10988,"M"
10989,"2"
10990,"e"
10991,"T"
10992,"N"
10993,"e"
10994,"6"
10995,"D"
10996,"d"
10997,"O"
10998,"D"
10999,"D"
11000,"u"
11001,"A"
11002,"A"
11003,"C"
11004,"o"
11005,"u"
11006,"A"
11007,"0"
11008,"i"
11009,"o"
11010,"N"
11011,"t"
11012,"R"
11013,"A"
11014,"R"
11015,"N"
11016,"S"
11017,"N"
11018,"D"
11019,"A"
11020,"s"
11021,"V"
11022,"r"
11023,"T"
11024,"a"
11025,"T"
11026,"S"
11027,"M"
11028,"R"
11029,"O"
11030,"c"
11031,"1"
11032,"T"
11033,"S"
11034,"C"
11035,"n"
11036,"E"
11037,"a"
11038,"I"
11039,"r"
11040,"M"
11041,"y"
11042,"e"
11043,"n"
11044,"P"
11045,"e"
11046,"O"
11047,"E"
11048,"A"
11049,"N"
11050,"P"
11051,"C"
11052,"I"
11053,"O"
11054,"P"
11055,"t"
11056,"S"
11057,"F"
11058,"E"
11059,"A"
11060,"A"
11061,"r"
11062,"E"
11063,"M"
11064,"V"
11065,"J"
11066,"D"
11067,"C"
11068,"R"
11069,"P"
11070,"x"
11071,"c"
11072,"K"
11073,"e"
11074,"E"
11075,"N"
11076,"h"
11077,"e"
11078,"4"
11079,"E"
11080,"a"
11081,"L"
11082,"L"
11083,"N"
11084,"l"
11085,"n"
11086,"r"
11087,"L"
11088,"2"
11089,"a"
11090,"K"
11091,"X"
11092,"E"
11093,"N"
11094,"A"
11095,"r"
11096,"e"
11097,"O"
11098,"0"
11099,"i"
11100,"y"
11101,"n"
11102,"A"
11103,"C"
11104,"C"
11105,"N"
11106,"e"
11107,"L"
11108,"T"
11109,"O"
11110,"f"
11111,"I"
11112,"E"
11113,"G"
11114,"H"
11115,"W"
11116,"O"
11117,"e"
11118,"S"
11119,"O"
11120,"3"
11121,"R"
11122,"A"
11123,"A"
11124,"E"
11125,"I"
11126,"R"
11127,"r"
11128,"O"
11129,"O"
11130,"s"
11131,"0"
11132,"O"
11133,"I"
11134,"T"
11135,"N"
11136,"F"
11137,"O"
11138,"T"
11139,"N"
11140,"s"
11141,"U"
11142,"l"
11143,"o"
11144,"i"
11145,"H"
11146,"S"
11147,"F"
11148,"B"
11149,"0"
11150,"0"
11151,"N"
11152,"I"
11153,"E"
11154,"v"
11155,"a"
11156,"M"
11157,"E"
11158,"A"
11159,"H"
11160,"O"
11161,"A"
11162,"r"
11163,"S"
11164,"O"
11165,"M"
11166,"A"
11167,"E"
11168,"O"
11169,"A"
11170,"B"
11171,"i"
11172,"S"
11173,"s"
11174,"N"
11175,"e"
11176,"e"
11177,"V"
11178,"k"
11179,"w"
11180,"T"
11181,"v"
11182,"R"
11183,"s"
11184,"y"
11185,"r"
11186,"B"
11187,"o"
11188,"O"
11189,"A"
11190,"L"
11191,"C"
11192,"P"
11193,"O"
11194,"E"
11195,"I"
11196,"S"
11197,"A"
11198,"e"
11199,"M"
11200,"U"
11201,"a"
11202,"s"
11203,"T"
11204,"N"
11205,"I"
11206,"e"
11207,"l"
11208,"N"
11209,"A"
11210,"0"
11211,"N"
11212,"I"
11213,"S"
11214,"e"
11215,"a"
11216,"E"
11217,"N"
11218,"E"
11219,"R"
11220,"J"
11221,"O"
11222,"U"
11223,"E"
11224,"E"
11225,"o"
11226,"S"
11227,"R"
11228,"o"
11229,"D"
11230,"I"
11231,"z"
11232,"r"
11233,"I"
11234,"R"
11235,"E"
11236,"H"
11237,"O"
11238,"O"
11239,"e"
11240,"I"
11241,"L"
11242,"R"
11243,"R"
11244,"I"
11245,"o"
11246,"n"
11247,"M"
11248,"O"
11249,"n"
11250,"R"
11251,"O"
11252,"S"
11253,"N"
11254,"1"
11255,"O"
11256,"P"
11257,"D"
11258,"I"
11259,"E"
11260,"e"
11261,"N"
11262,"S"
11263,"P"
11264,"R"
11265,"c"
11266,"i"
11267,"E"
11268,"E"
11269,"a"
11270,"A"
11271,"C"
11272,"D"
11273,"L"
11274,"F"
11275,"T"
11276,"e"
11277,"D"
11278,"R"
11279,"h"
11280,"D"
11281,"I"
11282,"K"
11283,"N"
11284,"6"
11285,"E"
11286,"T"
11287,"S"
11288,"S"
11289,"r"
11290,"I"
11291,"R"
11292,"S"
11293,"G"
11294,"O"
11295,"M"
11296,"l"
11297,"C"
11298,"0"
11299,"a"
11300,"O"
11301,"D"
11302,"N"
11303,"G"
11304,"I"
11305,"i"
11306,"D"
11307,"D"
11308,"t"
11309,"6"
11310,"G"
11311,"R"
11312,"n"
11313,"r"
11314,"e"
11315,"0"
11316,"I"
11317,"U"
11318,"c"
11319,"M"
11320,"E"
11321,"T"
11322,"R"
11323,"I"
11324,"S"
11325,"M"
11326,"S"
11327,"e"
11328,"H"
11329,"O"
11330,"r"
11331,"5"
11332,"A"
11333,"P"
11334,"X"
11335,"O"
11336,"M"
11337,"h"
11338,"i"
11339,"O"
11340,"N"
11341,"v"
11342,"O"
11343,"I"
11344,"u"
11345,"H"
11346,"c"
11347,"O"
11348,"S"
11349,"D"
11350,"s"
11351,"o"
11352,"T"
11353,"C"
11354,"A"
11355,"V"
11356,"C"
11357,"X"
11358,"C"
11359,"U"
11360,"H"
11361,"T"
11362,"J"
11363,"A"
11364,"2"
11365,"i"
11366,"c"
11367,"A"
11368,"S"
11369,"R"
11370,"I"
11371,"C"
11372,"L"
11373,"i"
11374,"h"
11375,"E"
11376,"A"
11377,"2"
11378,"A"
11379,"O"
11380,"C"
11381,"e"
11382,"S"
11383,"e"
11384,"N"
11385,"6"
11386,"l"
11387,"6"
11388,"I"
11389,"R"
11390,"I"
11391,"L"
11392,"0"
11393,"P"
11394,"A"
11395,"I"
11396,"n"
11397,"D"
11398,"R"
11399,"O"
11400,"N"
11401,"T"
11402,"I"
11403,"L"
11404,"r"
11405,"D"
11406,"L"
11407,"D"
11408,"h"
11409,"H"
11410,"U"
11411,"U"
11412,"I"
11413,"W"
11414,"o"
11415,"P"
11416,"S"
11417,"r"
11418,"e"
11419,"J"
11420,"e"
11421,"R"
11422,"1"
11423,"I"
11424,"e"
11425,"I"
11426,"E"
11427,"f"
11428,"N"
11429,"T"
11430,"I"
11431,"R"
11432,"L"
11433,"h"
11434,"O"
11435,"S"
11436,"L"
11437,"n"
11438,"A"
11439,"P"
11440,"0"
11441,"R"
11442,"A"
11443,"A"
11444,"E"
11445,"r"
11446,"n"
11447,"C"
11448,"N"
11449,"n"
11450,"E"
11451,"7"
11452,"R"
11453,"E"
11454,"S"
11455,"P"
11456,"Y"
11457,"a"
11458,"p"
11459,"E"
11460,"I"
11461,"s"
11462,"I"
11463,"S"
11464,"I"
11465,"L"
11466,"I"
11467,"N"
11468,"A"
11469,"U"
11470,"T"
11471,"s"
11472,"o"
11473,"7"
11474,"U"
11475,"N"
11476,"B"
11477,"e"
11478,"L"
11479,"3"
11480,"C"
11481,"O"
11482,"I"
11483,"l"
11484,"S"
11485,"I"
11486,"I"
11487,"N"
11488,"R"
11489,"N"
11490,"R"
11491,"e"
11492,"R"
11493,"D"
11494,"E"
11495,"A"
11496,"c"
11497,"f"
11498,"9"
11499,"2"
11500,"D"
11501,"y"
11502,"E"
11503,"S"
11504,"A"
11505,"e"
11506,"b"
11507,"O"
11508,"I"
11509,"9"
11510,"a"
11511,"r"
11512,"I"
11513,"C"
11514,"E"
11515,"D"
11516,"o"
11517,"D"
11518,"M"
11519,"c"
11520,"I"
11521,"A"
11522,"M"
11523,"L"
11524,"O"
11525,"U"
11526,"i"
11527,"I"
11528,"O"
11529,"O"
11530,"6"
11531,"A"
11532,"P"
11533,"e"
11534,"A"
11535,"C"
11536,"T"
11537,"U"
11538,"h"
11539,"n"
11540,"V"
11541,"S"
11542,"I"
11543,"R"
11544,"R"
11545,"C"
11546,"v"
11547,"w"
11548,"t"
11549,"o"
11550,"0"
11551,"G"
11552,"I"
11553,"I"
11554,"t"
11555,"I"
11556,"A"
11557,"C"
11558,"R"
11559,"O"
11560,"W"
11561,"S"
11562,"I"
11563,"i"
11564,"I"
11565,"E"
11566,"e"
11567,"I"
11568,"I"
11569,"5"
11570,"B"
11571,"a"
11572,"M"
11573,"F"
11574,"T"
11575,"A"
11576,"O"
11577,"N"
11578,"l"
11579,"S"
11580,"O"
11581,"L"
11582,"R"
11583,"D"
11584,"i"
11585,"l"
11586,"n"
11587,"R"
11588,"O"
11589,"L"
11590,"2"
11591,"E"
11592,"T"
11593,"T"
11594,"O"
11595,"I"
11596,"H"
11597,"O"
11598,"T"
11599,"N"
11600,"T"
11601,"R"
11602,"a"
11603,"o"
11604,"H"
11605,"A"
11606,"D"
11607,"O"
11608,"n"
11609,"S"
11610,"r"
11611,"K"
11612,"E"
11613,"R"
11614,"4"
11615,"F"
11616,"i"
11617,"v"
11618,"R"
11619,"M"
11620,"A"
11621,"N"
11622,"r"
11623,"E"
11624,"R"
11625,"t"
11626,"l"
11627,"u"
11628,"D"
11629,"K"
11630,"T"
11631,"T"
11632,"N"
11633,"S"
11634,"A"
11635,"R"
11636,"P"
11637,"I"
11638,"N"
11639,"G"
11640,"C"
11641,"I"
11642,"r"
11643,"R"
11644,"E"
11645,"T"
11646,"H"
11647,"r"
11648,"A"
11649,"A"
11650,"I"
11651,"I"
11652,"D"
11653,"R"
11654,"D"
11655,"F"
11656,"5"
11657,"E"
11658,"O"
11659,"R"
11660,"e"
11661,"I"
11662,"L"
11663,"E"
11664,"I"
11665,"o"
11666,"S"
11667,"E"
11668,"W"
11669,"C"
11670,"I"
11671,"G"
11672,"t"
11673,"S"
11674,"R"
11675,"X"
11676,"E"
11677,"N"
11678,"A"
11679,"u"
11680,"I"
11681,"N"
11682,"S"
11683,"s"
11684,"2"
11685,"T"
11686,"Y"
11687,"w"
11688,"H"
11689,"M"
11690,"o"
11691,"A"
11692,"N"
11693,"A"
11694,"H"
11695,"G"
11696,"6"
11697,"T"
11698,"e"
11699,"T"
11700,"I"
11701,"E"
11702,"X"
11703,"T"
11704,"F"
11705,"A"
11706,"B"
11707,"L"
11708,"t"
11709,"1"
11710,"e"
11711,"C"
11712,"w"
11713,"V"
11714,"g"
11715,"N"
11716,"N"
11717,"I"
11718,"H"
11719,"T"
11720,"u"
11721,"n"
11722,"n"
11723,"A"
11724,"I"
11725,"O"
11726,"H"
11727,"e"
11728,"E"
11729,"I"
11730,"S"
11731,"f"
11732,"3"
11733,"s"
11734,"r"
11735,"o"
11736,"r"
11737,"2"
11738,"I"
11739,"0"
11740,"C"
11741,"L"
11742,"O"
11743,"R"
11744,"S"
11745,"l"
11746,"V"
11747,"I"
11748,"A"
11749,"A"
11750,"H"
11751,"D"
11752,"R"
11753,"M"
11754,"E"
11755,"S"
11756,"A"
11757,"T"
11758,"D"
11759,"I"
11760,"B"
11761,"N"
11762,"N"
11763,"N"
11764,"J"
11765,"e"
11766,"r"
11767,"T"
11768,"I"
11769,"O"
11770,"M"
11771,"N"
11772,"O"
11773,"N"
11774,"O"
11775,"E"
11776,"l"
11777,"R"
11778,"C"
11779,"S"
11780,"H"
11781,"S"
11782,"E"
11783,"K"
11784,"A"
11785,"I"
11786,"a"
11787,"R"
11788,"O"
11789,"i"
11790,"a"
11791,"E"
11792,"C"
11793,"V"
11794,"a"
11795,"i"
11796,"I"
11797,"i"
11798,"L"
11799,"H"
11800,"S"
11801,"N"
11802,"S"
11803,"1"
11804,"m"
11805,"I"
11806,"I"
11807,"T"
11808,"R"
11809,"K"
11810,"D"
11811,"i"
11812,"I"
11813,"6"
11814,"E"
11815,"M"
11816,"I"
11817,"R"
11818,"Y"
11819,"O"
11820,"H"
11821,"N"
11822,"Y"
11823,"n"
11824,"A"
11825,"I"
11826,"M"
11827,"I"
11828,"i"
11829,"O"
11830,"I"
11831,"t"
11832,"I"
11833,"9"
11834,"B"
11835,"D"
11836,"C"
11837,"W"
11838,"M"
11839,"E"
11840,"E"
11841,"o"
11842,"I"
11843,"N"
11844,"E"
11845,"X"
11846,"T"
11847,"R"
11848,"i"
11849,"A"
11850,"X"
11851,"O"
11852,"o"
11853,"M"
11854,"U"
11855,"V"
11856,"1"
11857,"I"
11858,"4"
11859,"C"
11860,"n"
11861,"n"
11862,"A"
11863,"E"
11864,"F"
11865,"1"
11866,"d"
11867,"A"
11868,"E"
11869,"o"
11870,"A"
11871,"I"
11872,"a"
11873,"A"
11874,"r"
11875,"0"
11876,"E"
11877,"H"
11878,"J"
11879,"O"
11880,"N"
11881,"R"
11882,"G"
11883,"N"
11884,"a"
11885,"y"
11886,"I"
11887,"R"
11888,"T"
11889,"M"
11890,"M"
11891,"b"
11892,"T"
11893,"C"
11894,"E"
11895,"n"
11896,"B"
11897,"E"
11898,"O"
11899,"D"
11900,"C"
11901,"s"
11902,"H"
11903,"T"
11904,"1"
11905,"u"
11906,"R"
11907,"o"
11908,"S"
11909,"F"
11910,"L"
11911,"K"
11912,"R"
11913,"N"
11914,"N"
11915,"O"
11916,"S"
11917,"s"
11918,"I"
11919,"M"
11920,"H"
11921,"P"
11922,"v"
11923,"N"
11924,"e"
11925,"M"
11926,"R"
11927,"O"
11928,"l"
11929,"H"
11930,"A"
11931,"o"
11932,"u"
11933,"6"
11934,"I"
11935,"l"
11936,"O"
11937,"L"
11938,"C"
11939,"w"
11940,"u"
11941,"O"
11942,"N"
11943,"i"
11944,"C"
11945,"s"
11946,"A"
11947,"r"
11948,"U"
11949,"O"
11950,"D"
11951,"O"
11952,"A"
11953,"T"
11954,"e"
11955,"D"
11956,"B"
11957,"G"
11958,"N"
11959,"a"
11960,"C"
11961,"D"
11962,"G"
11963,"E"
11964,"R"
11965,"R"
11966,"I"
11967,"Y"
11968,"A"
11969,"T"
11970,"T"
11971,"E"
11972,"H"
11973,"s"
11974,"T"
11975,"O"
11976,"t"
11977,"L"
11978,"O"
11979,"A"
11980,"c"
11981,"P"
11982,"C"
11983,"A"
11984,"C"
11985,"0"
11986,"D"
11987,"N"
11988,"D"
11989,"E"
11990,"o"
11991,"A"
11992,"C"
11993,"5"
11994,"A"
11995,"C"
11996,"i"
11997,"T"
11998,"A"
11999,"E"
12000,"T"
12001,"X"
12002,"A"
12003,"W"
12004,"a"
12005,"P"
12006,"A"
12007,"M"
12008,"A"
12009,"e"
12010,"B"
12011,"E"
12012,"R"
12013,"E"
12014,"7"
12015,"P"
12016,"A"
12017,"R"
12018,"O"
12019,"D"
12020,"T"
12021,"I"
12022,"O"
12023,"B"
12024,"r"
12025,"o"
12026,"S"
12027,"H"
12028,"p"
12029,"I"
12030,"e"
12031,"e"
12032,"O"
12033,"I"
12034,"o"
12035,"N"
12036,"G"
12037,"L"
12038,"s"
12039,"E"
12040,"p"
12041,"D"
12042,"E"
12043,"O"
12044,"C"
12045,"M"
12046,"s"
12047,"I"
12048,"I"
12049,"O"
12050,"H"
12051,"o"
12052,"I"
12053,"r"
12054,"O"
12055,"H"
12056,"A"
12057,"R"
12058,"0"
12059,"t"
12060,"B"
12061,"J"
12062,"I"
12063,"Y"
12064,"M"
12065,"B"
12066,"e"
12067,"T"
12068,"H"
12069,"n"
12070,"A"
12071,"H"
12072,"C"
12073,"d"
12074,"A"
12075,"O"
12076,"I"
12077,"R"
12078,"O"
12079,"n"
12080,"o"
12081,"E"
12082,"a"
12083,"I"
12084,"S"
12085,"O"
12086,"a"
12087,"u"
12088,"t"
12089,"s"
12090,"A"
12091,"O"
12092,"N"
12093,"I"
12094,"T"
12095,"X"
12096,"L"
12097,"M"
12098,"r"
12099,"R"
12100,"7"
12101,"r"
12102,"e"
12103,"0"
12104,"E"
12105,"T"
12106,"Y"
12107,"I"
12108,"A"
12109,"O"
12110,"n"
12111,"A"
12112,"I"
12113,"E"
12114,"S"
12115,"0"
12116,"K"
12117,"E"
12118,"r"
12119,"N"
12120,"l"
12121,"Y"
12122,"L"
12123,"y"
12124,"F"
12125,"T"
12126,"I"
12127,"S"
12128,"H"
12129,"5"
12130,"K"
12131,"O"
12132,"R"
12133,"D"
12134,"E"
12135,"D"
12136,"I"
12137,"0"
12138,"O"
12139,"H"
12140,"C"
12141,"C"
12142,"L"
12143,"S"
12144,"A"
12145,"A"
12146,"J"
12147,"I"
12148,"y"
12149,"E"
12150,"J"
12151,"o"
12152,"E"
12153,"A"
12154,"C"
12155,"r"
12156,"T"
12157,"A"
12158,"N"
12159,"O"
12160,"E"
12161,"E"
12162,"n"
12163,"I"
12164,"p"
12165,"d"
12166,"C"
12167,"O"
12168,"F"
12169,"D"
12170,"5"
12171,"O"
12172,"A"
12173,"I"
12174,"T"
12175,"I"
12176,"B"
12177,"N"
12178,"E"
12179,"O"
12180,"r"
12181,"O"
12182,"D"
12183,"C"
12184,"O"
12185,"B"
12186,"A"
12187,"O"
12188,"l"
12189,"E"
12190,"N"
12191,"R"
12192,"T"
12193,"r"
12194,"E"
12195,"N"
12196,"u"
12197,"0"
12198,"3"
12199,"n"
12200,"n"
12201,"E"
12202,"R"
12203,"s"
12204,"T"
12205,"S"
12206,"A"
12207,"i"
12208,"Y"
12209,"e"
12210,"l"
12211,"I"
12212,"o"
12213,"R"
12214,"G"
12215,"I"
12216,"R"
12217,"C"
12218,"T"
12219,"O"
12220,"m"
12221,"I"
12222,"n"
12223,"N"
12224,"R"
12225,"F"
12226,"I"
12227,"9"
12228,"I"
12229,"S"
12230,"O"
12231,"a"
12232,"e"
12233,"r"
12234,"c"
12235,"E"
12236,"P"
12237,"T"
12238,"A"
12239,"T"
12240,"R"
12241,"B"
12242,"A"
12243,"n"
12244,"P"
12245,"H"
12246,"H"
12247,"H"
12248,"r"
12249,"e"
12250,"R"
12251,"m"
12252,"o"
12253,"n"
12254,"J"
12255,"l"
12256,"O"
12257,"9"
12258,"I"
12259,"e"
12260,"R"
12261,"O"
12262,"B"
12263,"o"
12264,"S"
12265,"O"
12266,"O"
12267,"R"
12268,"O"
12269,"c"
12270,"O"
12271,"o"
12272,"2"
12273,"T"
12274,"O"
12275,"R"
12276,"i"
12277,"S"
12278,"C"
12279,"t"
12280,"R"
12281,"E"
12282,"D"
12283,"D"
12284,"C"
12285,"I"
12286,"E"
12287,"L"
12288,"f"
12289,"n"
12290,"N"
12291,"a"
12292,"l"
12293,"A"
12294,"N"
12295,"N"
12296,"m"
12297,"B"
12298,"O"
12299,"E"
12300,"I"
12301,"H"
12302,"H"
12303,"O"
12304,"O"
12305,"n"
12306,"A"
12307,"O"
12308,"r"
12309,"r"
12310,"e"
12311,"I"
12312,"M"
12313,"D"
12314,"M"
12315,"N"
12316,"A"
12317,"C"
12318,"U"
12319,"o"
12320,"R"
12321,"C"
12322,"i"
12323,"t"
12324,"H"
12325,"A"
12326,"N"
12327,"r"
12328,"I"
12329,"I"
12330,"E"
12331,"D"
12332,"F"
12333,"F"
12334,"r"
12335,"O"
12336,"N"
12337,"P"
12338,"O"
12339,"7"
12340,"M"
12341,"R"
12342,"S"
12343,"r"
12344,"E"
12345,"T"
12346,"i"
12347,"O"
12348,"R"
12349,"A"
12350,"a"
12351,"5"
12352,"N"
12353,"E"
12354,"e"
12355,"O"
12356,"E"
12357,"O"
12358,"L"
12359,"E"
12360,"A"
12361,"A"
12362,"L"
12363,"Y"
12364,"Z"
12365,"P"
12366,"R"
12367,"H"
12368,"E"
12369,"i"
12370,"A"
12371,"O"
12372,"E"
12373,"O"
12374,"N"
12375,"I"
12376,"O"
12377,"R"
12378,"C"
12379,"e"
12380,"O"
12381,"i"
12382,"o"
12383,"O"
12384,"c"
12385,"A"
12386,"C"
12387,"I"
12388,"Y"
12389,"D"
12390,"C"
12391,"I"
12392,"L"
12393,"r"
12394,"O"
12395,"I"
12396,"C"
12397,"I"
12398,"E"
12399,"a"
12400,"A"
12401,"E"
12402,"L"
12403,"I"
12404,"D"
12405,"A"
12406,"H"
12407,"E"
12408,"T"
12409,"L"
12410,"N"
12411,"O"
12412,"A"
12413,"e"
12414,"I"
12415,"N"
12416,"H"
12417,"1"
12418,"0"
12419,"7"
12420,"h"
12421,"o"
12422,"I"
12423,"R"
12424,"R"
12425,"h"
12426,"A"
12427,"R"
12428,"E"
12429,"O"
12430,"E"
12431,"K"
12432,"I"
12433,"R"
12434,"I"
12435,"E"
12436,"A"
12437,"A"
12438,"R"
12439,"R"
12440,"O"
12441,"5"
12442,"A"
12443,"O"
12444,"0"
12445,"l"
12446,"H"
12447,"A"
12448,"o"
12449,"L"
12450,"A"
12451,"O"
12452,"A"
12453,"E"
12454,"M"
12455,"C"
12456,"I"
12457,"e"
12458,"X"
12459,"l"
12460,"A"
12461,"S"
12462,"i"
12463,"o"
12464,"y"
12465,"E"
12466,"I"
12467,"e"
12468,"e"
12469,"N"
12470,"c"
12471,"I"
12472,"q"
12473,"O"
12474,"E"
12475,"I"
12476,"a"
12477,"J"
12478,"n"
12479,"M"
12480,"c"
12481,"n"
12482,"A"
12483,"L"
12484,"P"
12485,"m"
12486,"O"
12487,"A"
12488,"r"
12489,"U"
12490,"c"
12491,"I"
12492,"R"
12493,"4"
12494,"S"
12495,"G"
12496,"e"
12497,"I"
12498,"L"
12499,"O"
12500,"o"
12501,"M"
12502,"X"
12503,"e"
